/*
SQLyog Community v12.4.2 (64 bit)
MySQL - 10.1.28-MariaDB : Database - mygtv3
*********************************************************************
*/

/*!40101 SET NAMES utf8 */;

/*!40101 SET SQL_MODE=''*/;

/*!40014 SET @OLD_UNIQUE_CHECKS=@@UNIQUE_CHECKS, UNIQUE_CHECKS=0 */;
/*!40014 SET @OLD_FOREIGN_KEY_CHECKS=@@FOREIGN_KEY_CHECKS, FOREIGN_KEY_CHECKS=0 */;
/*!40101 SET @OLD_SQL_MODE=@@SQL_MODE, SQL_MODE='NO_AUTO_VALUE_ON_ZERO' */;
/*!40111 SET @OLD_SQL_NOTES=@@SQL_NOTES, SQL_NOTES=0 */;
CREATE DATABASE /*!32312 IF NOT EXISTS*/`mygtv3` /*!40100 DEFAULT CHARACTER SET utf8 */;

USE `mygtv3`;

/*Table structure for table `activity` */

DROP TABLE IF EXISTS `activity`;

CREATE TABLE `activity` (
  `id` int(10) unsigned NOT NULL AUTO_INCREMENT,
  `date_time` int(11) NOT NULL,
  `user_id` int(11) NOT NULL,
  `action_type_id` int(11) NOT NULL,
  `client_id` int(11) NOT NULL,
  `service_id` int(11) NOT NULL,
  PRIMARY KEY (`id`)
) ENGINE=InnoDB AUTO_INCREMENT=95 DEFAULT CHARSET=utf8mb4 COLLATE=utf8mb4_unicode_ci;

/*Data for the table `activity` */

insert  into `activity`(`id`,`date_time`,`user_id`,`action_type_id`,`client_id`,`service_id`) values 
(1,1505751542,0,1,341,1),
(2,1505793009,0,1,341,1),
(3,1505804799,0,1,341,1),
(4,1505804811,0,1,341,1),
(5,1505805369,0,9,341,22),
(6,1505805377,0,11,341,22),
(7,1505805512,0,5,341,24),
(8,1505805556,0,6,341,28),
(9,1505805688,0,4,341,20),
(10,1505808496,0,8,341,21),
(11,1505813173,0,1,341,4),
(12,1505813188,0,7,341,31),
(13,1505813230,0,4,341,31),
(14,1505813266,0,5,341,31),
(15,1505813274,0,6,341,31),
(16,1505813296,0,8,341,31),
(17,1505821997,0,1,341,1),
(18,1505822218,0,1,341,1),
(19,1505822342,0,1,341,1),
(20,1505822390,0,1,341,1),
(21,1505822404,0,1,341,1),
(22,1505822794,0,4,341,20),
(23,1505822869,0,4,341,20),
(24,1505823075,0,5,341,20),
(25,1505823196,0,6,341,20),
(26,1505825902,0,4,341,30),
(27,1505829998,0,4,341,28),
(28,1505830162,0,4,341,27),
(29,1506077175,0,10,341,35),
(30,1506240744,0,1,216,1),
(31,1506347504,0,1,319,1),
(32,1506381147,0,1,13,1),
(33,1506382365,0,4,13,39),
(34,1506385329,0,1,13,1),
(35,1506386507,0,4,13,39),
(36,1506405726,0,1,179,1),
(37,1506405737,0,1,179,1),
(38,1506407765,0,1,39,1),
(39,1507722601,1,1,41,1),
(40,1507723565,1,1,40,1),
(41,1507810703,1,1,13,2),
(42,1507811329,6,1,13,3),
(43,1507812030,6,1,13,4),
(44,1507812495,6,4,13,48),
(45,1508073461,1,1,216,1),
(46,1508073672,1,1,216,1),
(47,1508073994,1,1,216,1),
(48,1508074030,1,1,216,1),
(49,1508074037,1,1,216,1),
(50,1508074040,1,1,216,1),
(51,1508074061,1,1,216,1),
(52,1508074094,1,1,216,1),
(53,1508075818,1,1,216,1),
(54,1508076285,1,1,216,1),
(55,1508076628,1,1,189,1),
(56,1508076796,1,1,216,1),
(57,1508076812,1,2,216,4),
(58,1508077878,1,1,216,1),
(59,1508077885,1,1,216,2),
(60,1508077889,1,1,216,3),
(61,1508078141,1,1,216,2),
(62,1508242966,6,10,216,1),
(63,1508243088,6,2,216,3),
(64,1508243407,6,7,216,2),
(65,1508330438,1,2,216,4),
(66,1508331357,1,4,216,4),
(67,1508331373,1,5,216,4),
(68,1508416669,1,1,186,1),
(69,1508419075,1,1,1,1),
(70,1508874547,6,1,216,1),
(71,1508874606,6,1,216,1),
(72,1508874632,6,1,216,1),
(73,1508874663,6,1,186,1),
(74,1508874980,6,1,25,1),
(75,1508875623,6,1,216,1),
(76,1509009041,6,1,216,1),
(77,1509024970,6,1,216,1),
(78,1509024986,6,1,179,1),
(79,1509025053,6,1,35,3),
(80,1509025077,6,1,21,1),
(81,1509025133,6,1,21,2),
(82,1509026193,6,1,35,1),
(83,1509026578,6,1,35,1),
(84,1509026761,6,1,25,4),
(85,1509026885,6,1,25,5),
(86,1509373518,6,17,0,0),
(87,1509566650,6,17,0,0),
(88,1509566662,6,17,0,0),
(89,1509566942,6,17,0,0),
(90,1509567771,6,17,0,0),
(91,1509632183,6,1,216,3),
(92,1509910552,6,1,180,1),
(93,1509910580,6,1,390,1),
(94,1509910630,6,1,180,1);

/*Table structure for table `api_tokens` */

DROP TABLE IF EXISTS `api_tokens`;

CREATE TABLE `api_tokens` (
  `id` varchar(40) COLLATE utf8_unicode_ci NOT NULL,
  `user_id` int(10) unsigned NOT NULL,
  `ip_address` varchar(45) COLLATE utf8_unicode_ci DEFAULT NULL,
  `user_agent` text COLLATE utf8_unicode_ci,
  `created_at` timestamp NULL DEFAULT NULL,
  `updated_at` timestamp NULL DEFAULT NULL,
  `expires_at` timestamp NULL DEFAULT NULL,
  PRIMARY KEY (`id`),
  KEY `api_tokens_id_expires_at_index` (`id`,`expires_at`),
  KEY `api_tokens_user_id_foreign` (`user_id`),
  CONSTRAINT `api_tokens_user_id_foreign` FOREIGN KEY (`user_id`) REFERENCES `users` (`id`) ON DELETE CASCADE
) ENGINE=InnoDB DEFAULT CHARSET=utf8 COLLATE=utf8_unicode_ci;

/*Data for the table `api_tokens` */

/*Table structure for table `attach_files` */

DROP TABLE IF EXISTS `attach_files`;

CREATE TABLE `attach_files` (
  `id` int(10) unsigned NOT NULL AUTO_INCREMENT,
  `user_id` int(11) NOT NULL,
  `company_id` int(11) NOT NULL,
  `path` varchar(255) COLLATE utf8_unicode_ci NOT NULL,
  `created_at` timestamp NULL DEFAULT NULL,
  `updated_at` timestamp NULL DEFAULT NULL,
  `title` varchar(255) COLLATE utf8_unicode_ci NOT NULL,
  `type` enum('contact','company') COLLATE utf8_unicode_ci NOT NULL DEFAULT 'contact',
  PRIMARY KEY (`id`)
) ENGINE=InnoDB AUTO_INCREMENT=3 DEFAULT CHARSET=utf8 COLLATE=utf8_unicode_ci;

/*Data for the table `attach_files` */

insert  into `attach_files`(`id`,`user_id`,`company_id`,`path`,`created_at`,`updated_at`,`title`,`type`) values 
(1,6,216,'/storage/attach_files/item_XXL_10580022_13855484.jpg','2017-11-06 03:56:01','2017-11-06 03:56:01','for contact','contact'),
(2,6,180,'/storage/attach_files/item_XXL_10580022_13855484.jpg','2017-11-06 03:56:29','2017-11-06 03:56:29','for company','company');

/*Table structure for table `clients` */

DROP TABLE IF EXISTS `clients`;

CREATE TABLE `clients` (
  `id` int(10) unsigned NOT NULL AUTO_INCREMENT,
  `email` varchar(191) COLLATE utf8mb4_unicode_ci NOT NULL,
  PRIMARY KEY (`id`),
  UNIQUE KEY `clients_email_unique` (`email`)
) ENGINE=InnoDB DEFAULT CHARSET=utf8mb4 COLLATE=utf8mb4_unicode_ci;

/*Data for the table `clients` */

/*Table structure for table `companies_in_groups` */

DROP TABLE IF EXISTS `companies_in_groups`;

CREATE TABLE `companies_in_groups` (
  `id` int(10) unsigned NOT NULL AUTO_INCREMENT,
  `company_id` int(11) NOT NULL,
  `group_id` int(11) NOT NULL,
  `user_id` int(11) DEFAULT NULL,
  PRIMARY KEY (`id`)
) ENGINE=InnoDB AUTO_INCREMENT=4 DEFAULT CHARSET=utf8 COLLATE=utf8_unicode_ci;

/*Data for the table `companies_in_groups` */

insert  into `companies_in_groups`(`id`,`company_id`,`group_id`,`user_id`) values 
(1,180,4,6),
(2,143,1,6),
(3,180,21,6);

/*Table structure for table `company` */

DROP TABLE IF EXISTS `company`;

CREATE TABLE `company` (
  `company_id` int(11) NOT NULL AUTO_INCREMENT,
  `company_name` varchar(255) COLLATE utf8_unicode_ci NOT NULL,
  `pob` varchar(255) COLLATE utf8_unicode_ci NOT NULL,
  `zip` varchar(255) COLLATE utf8_unicode_ci NOT NULL,
  `city` varchar(255) COLLATE utf8_unicode_ci NOT NULL,
  `country` varchar(255) COLLATE utf8_unicode_ci NOT NULL,
  `mobile_number` varchar(255) COLLATE utf8_unicode_ci NOT NULL,
  `location` varchar(255) COLLATE utf8_unicode_ci NOT NULL,
  `website` varchar(255) COLLATE utf8_unicode_ci NOT NULL,
  `tel` varchar(255) COLLATE utf8_unicode_ci NOT NULL,
  `email` varchar(255) COLLATE utf8_unicode_ci NOT NULL,
  `industry` varchar(255) COLLATE utf8_unicode_ci NOT NULL,
  `company_img` varchar(255) COLLATE utf8_unicode_ci NOT NULL,
  `agent_id` int(11) NOT NULL,
  PRIMARY KEY (`company_id`)
) ENGINE=MyISAM AUTO_INCREMENT=508 DEFAULT CHARSET=utf8 COLLATE=utf8_unicode_ci;

/*Data for the table `company` */

insert  into `company`(`company_id`,`company_name`,`pob`,`zip`,`city`,`country`,`mobile_number`,`location`,`website`,`tel`,`email`,`industry`,`company_img`,`agent_id`) values 
(1,'Procter & Gamble','','','','','','','','','','','',6),
(2,'Nestle ','','','','','','','','','','','',6),
(3,'Al Magrabi Retail','','','','','','','','','','','/companylogos/Tulips.jpg',6),
(4,'GO Telecom','','','','','','','','','','','',1),
(5,'Al Faisaliah Group','','','','','','','','','','','',6),
(6,'Al Ghassan Motors','1271','21431','Jeddah','Saudi Arabia','','','','','','','',1),
(7,'Americana Quality ','','','','','','','','','','','',1),
(8,'Habitat Hotel','','','','','','','','','','','',6),
(9,'Elaf Group','','','','','','','','','','','',1),
(10,'Al Hussaini Trading','','','','','','','','','','','',6),
(11,'Bakhsh Hospital','','','','','','','','','','','',1),
(12,'Unilever Arabia','22800','21416','Jeddah','Saudi Arabia','','','','','','','',1),
(13,'Alico Insurance','','','','','','','','','','','',1),
(14,'Samaco Automotive','11931','21463','Jeddah','Saudi Arabia','','','','','','','',1),
(15,'Al Hamrani United Company','','','','','','','','','','','',1),
(16,'Al Hamrani Fuchs Petroleum','','','','','','','','','','','',1),
(17,'Rasidon SAS Hotel','','','','','','','','','','','',1),
(18,'Intercontinental Hotel','','','','','','','','','','','',1),
(19,'IKEA','','','','','','','','','','','',1),
(20,'Elaf Jeddah Hotel','','','','','','','','','','','',6),
(21,'Bin Rafaah Tourism & Travel Agency','','','','','','','','','','','',1),
(22,'Amjad Al Dar','','','','','','','','','','','',1),
(23,'Hyatt Park Jeddah','','','','','','','','','','','',1),
(24,'ACE Creative','','','','','','','','','','','',1),
(25,'Haj Hussain Ali Reda','','','','','','','','','','','',1),
(26,'Auto Fact Tech','','','','','','','','','','','',1),
(27,'Rajab & Silsilah Trading','203','21411','Jeddah','Ksa','','','','','','','',1),
(28,'Al Mutlag Furnitures','','','','','','','','','','','',1),
(29,'Al Jarir Bookstore','','','','','','','','','','','',1),
(30,'Ajwa Group','','','','','','','','','','','',1),
(31,'Arabian Business Machines','350','21411','','','','','','','','','',1),
(32,'Lufthansa','','','','','','','','','','','',1),
(33,'SABB','','','','','','','','','','','',1),
(34,'Al Magrabi','','','','','','','','','','','',1),
(35,'Corniche Rosewood Hotel','','','','','','','','','','','',1),
(36,'IMPACT Novelli','','','','','','','','','','','',1),
(37,'Jamjoom Group of Companies ','','','','','','','','','','','',1),
(38,'Fawaz Al Hokair Group','','','','','','','','','','','',1),
(39,'Al Shaya Group ','','','','','','','','','','','',1),
(40,'Red Bull','','','','','','','','','','','',1),
(41,'Al Rasha International ','','','','','','','','','','','',1),
(42,'Radwa Company ','','','','','','','','','','','',1),
(43,'Orient Provision & Trading Company ','','','','','','','','','','','',1),
(44,'Alesayi Company ','','','','','','','','','','','',1),
(45,'Al Tanhat Company ','','','','','','','','','','','',1),
(46,'Toyland ','','','','','','','','','','','',1),
(47,'Bahrawi Company ','','','','','','','','','','','',1),
(48,'Binzaqr Company ','','','','','','','','','','','',1),
(49,'Rubaiyat Company','5967','21432','Jeddah','Ksa','','','','','','','',1),
(50,'Emad Rizq ','','','','','','','','','','','',6),
(51,'Toys R Us ','','','','','','','','','','','',1),
(52,'الجوال Al -Jawal','','','','','','','','','','','',1),
(53,'أليكو Alico','','','','','','','','','','','',1),
(54,'ساماكوSamaco','','','','','','','','','','','',1),
(55,'Nitchgroup ','','','','','','','','','','','',1),
(56,'Lingo ','','','','','','','','','','','',1),
(57,'هانكو لتأجير السيارات','','','','','','','','','','','',1),
(58,'ميرادور Mirador','','','','','','','','','','','',1),
(59,'شركة الوسيلة لتأجير السيارات المحدودة ( هرتز)','','','','','','','','','','','',1),
(60,'شركة العثمان للتسويق الصناعي','','','','','','','','','','','',1),
(61,'شركة الجميح للسيارات','','','','','','','','','','','',1),
(62,'شركة التوكيلات العالمية للسيارات المحدودة','','','','','','','','','','','',1),
(63,'سولكس بلس solexplus','','','','','','','','','','','',1),
(64,'تهامة للدعاية والإعلان Tihama advertising ','','','','','','','','','','','',1),
(65,'الشركة العربية لخدمات التسويق ','','','','','','','','','','','',1),
(66,'segala            سقاله','','','','','','','','','','','',1),
(67,'Elaf إيلاف ','','','','','','','','','','','',1),
(68,'Cowne Plaza ','','','','','','','','','','','',1),
(69,'Al-Jafali Group  مجموعة الجفالي','','','','','','','','','','','',1),
(70,'Al-Essai   العيسائي للسيارات ','','','','','','','','','','','',1),
(71,'شركة عمر ابوبكر بالبيد المحدودة ','','','','','','','','','','','',1),
(72,'Al-haj Hussen Ali Reza','','','','','','','','','','','',1),
(73,'شركة يوسف وسليمان النافع','','','','','','','','','','','',1),
(74,'مستشفى المستقبل ','','','','','','','','','','','',1),
(75,'مستشفى حي الجامعة د. درويش مصطفى زقزوق','','','','','','','','','','','',1),
(76,'المستشفى السعودى الأهلي','','','','','','','','','','','',1),
(77,'المستشفى السعودي الألماني','','','','','','','','','','','',1),
(78,'المشفى','','','','','','','','','','','',1),
(79,'مركز عبد اللطيف جميل للتأهيل والعيادات التخصصية','','','','','','','','','','','',1),
(80,'مستشفى أبو زنادة','','','','','','','','','','','',1),
(81,'مستشفى الدكتور خالد ادريس','','','','','','','','','','','',1),
(82,'مستشفى الدكتور عبد الرحمن طه بخش الطبي','','','','','','','','','','','',1),
(83,'هيلتون جدة','','','','','','','','','','','',1),
(84,'جدة شيراتون','','','','','','','','','','','',1),
(85,'البدر','','','','','','','','','','','',1),
(86,'حياة ريجنسي جدة','','','','','','','','','','','',1),
(87,'ماريوت','','','','','','','','','','','',1),
(88,'إنتركوتنيتال','','','','','','','','','','','',1),
(89,'فندق هوليدي إن','','','','','','','','','','','',1),
(90,'فندق البلاد','','','','','','','','','','','',1),
(91,'جدة ترايدنت','','','','','','','','','','','',1),
(92,'سن سيت','','','','','','','','','','','',1),
(93,'قرية الشربتلي','','','','','','','','','','','',1),
(94,'شركة الخميرة السعودية','','','','','','','','','','','',1),
(95,'الجزيرة للسياحه والسفر ','','','','','','','','','','','',1),
(96,'شركة السيف للتوكيلات','','','','','','','','','','','',1),
(97,'شركة التأمين الإسلامية العالمية ','','','','','','','','','','','',1),
(98,'شركة التأمين الاردنية المحدودة ','','','','','','','','','','','',1),
(99,'المؤسسة الهندسية لتطوير خدمات الحاسب الآلي ','','','','','','','','','','','',1),
(100,'خدمات أرابكو ','','','','','','','','','','','',6),
(101,'خدمات اوتكس للشحن السريع ','','','','','','','','','','','',1),
(102,'شركة خدمات التخزين وأنظمة المعلومات ','','','','','','','','','','','',1),
(103,'شركة خدمات التسويق وتشغيل المشروعات التجارية ','','','','','','','','','','','',1),
(104,'شركة المعرفة   ','','','','','','','','','','','',1),
(105,'شركة خدمات المياه والبيئة  ','','','','','','','','','','','',1),
(106,'شركة خدمات النفط ','','','','','','','','','','','',1),
(107,'شركة خدمات مركز التدريب التعليمية المحدودة ','','','','','','','','','','','',1),
(108,'مؤسسة خدمات التكنولوجيا للكمبيوتر  ','','','','','','','','','','','',1),
(109,'مؤسسة خدمات العمرة الدولية  ','','','','','','','','','','','',1),
(110,'مركز خدمات البحر الأحمر ','','','','','','','','','','','',1),
(111,'مكتب خدمات الاعمال  ','','','','','','','','','','','',1),
(112,'شركة العمودي للتجارة (رود ماستر) ','','','','','','','','','','','',1),
(113,'مؤسسة محمد علي العطاس  ','','','','','','','','','','','',1),
(114,'شركة عقارات للتطوير والتنمية ','','','','','','','','','','','',1),
(115,'النافذة الدولية لتقنية الكمبيوتر ','','','','','','','','','','','',1),
(116,'KIA كيا للسيارات ','','','','','','','','','','','',1),
(117,'شركة باسمح التجارية (قودي)','','','','','','','','','','','',1),
(118,'أسواق الكورنيش  ','','','','','','','','','','','',1),
(119,'أسواق النجمة التجارية  ','','','','','','','','','','','',1),
(120,'شركة انجازات المتطورة لتقنية المعلومات ','','','','','','','','','','','',1),
(121,'شركة طيبة للصياغة والمجوهرات ','','','','','','','','','','','',1),
(122,'شركة المصنع الحديث للمنتجات الحديدية ','','','','','','','','','','','',1),
(123,'صناعات المنتوجات الجديدة - شركة محدودة (نيبروبلاست) ','','','','','','','','','','','',1),
(124,'شركة مصنع النملة المحدودة ','','','','','','','','','','','',1),
(125,'شركة طارق العقيل واخوانه  ','','','','','','','','','','','',1),
(126,'شركة الطور الحديثة للصناعات المعدنية المحدودة ','','','','','','','','','','','',1),
(127,'شركة الأزمنة الحديثة للنظم والتقنية ','','','','','','','','','','','',1),
(128,'شركة باسم الدولية للشحن وخدمات النقل المحدودة ','','','','','','','','','','','',1),
(129,'شركة فوجيتك العربية السعودية المحدودة ','','','','','','','','','','','',1),
(130,'شركة الأعمال التجارية ذ.م.م ','','','','','','','','','','','',1),
(131,'رولاكو','','','','','','','','','','','',1),
(132,'شركة راشد محمد الذاهن وشركاه \"بيت النبلاء\" ','','','','','','','','','','','',1),
(133,'شركة أبناء بشير هاشم ','','','','','','','','','','','',1),
(134,'شركة أميانتيت لصناعة المطاط المحدودة ','','','','','','','','','','','',1),
(135,'شركة الأعمال المدنية المحدودة ','','','','','','','','','','','',1),
(136,'شركة البساتين لتنسيق الحدائق المحدودة ','','','','','','','','','','','',1),
(137,'شركة التآلف المتميزة لتنظيم المناسبات والعلاقات العامة المحدودة ','','','','','','','','','','','',1),
(138,'شركة الجهات الأربع ','','','','','','','','','','','',1),
(139,'شركة الحلول لمعلومات الحاسب الآلي المتكاملة ','','','','','','','','','','','',1),
(140,'شركة الرؤية الخضراء المحدودة ','','','','','','','','','','','',1),
(141,'شركة العرب لأنظمة الكمبيوتر (اسكون) ','','','','','','','','','','','',1),
(142,'شركة المعالم الدولية للتقنية ','','','','','','','','','','','',1),
(143,'شركة الناصر  ','','','','','','','','','','','',1),
(144,'شركة رقمي لأنظمة الحاسب الآلي المحدودة (دجي كوم) ','','','','','','','','','','','',1),
(145,'شركة سجل التقنية للتطبيقات الإلكترونية المتكاملة المحدودة ','','','','','','','','','','','',1),
(146,'شركة مركز الخيمة التجاري (سوق الخيمة)  ','','','','','','','','','','','',1),
(147,'شركة مصنع البيادر للحلويات والمعجنات ','','','','','','','','','','','',1),
(148,'شركة هاشم حسونة وأولاده (هاسركو) ','','','','','','','','','','','',1),
(149,'لوميك (شركة مركز الليزر للتجهيزات البصرية والطبية)  ','','','','','','','','','','','',1),
(150,'مجموعة الأزهار التجارية','','','','','','','','','','','',6),
(151,'مؤسسة عبدالله الراشد','','','','','','','','','','','',6),
(152,'مؤسسة الجارد للمضخات ','','','','','','','','','','','',1),
(153,'شركة البندر','','','','','','','','','','','',6),
(154,'مجموعة الباروم ','','','','','','','','','','','',1),
(155,'شركة البركان التجارية ','','','','','','','','','','','',1),
(156,'مصنع الدويك','','','','','','','','','','','',1),
(157,'مؤسسة كهرباء الجنوب للإنارة ','','','','','','','','','','','',1),
(158,'شركة صخر الدولية للخرسانه الجاهزة والمقاولات المحدودة ','','','','','','','','','','','',1),
(159,'مؤسسة العامر ','','','','','','','','','','','',1),
(160,'مجموعة الفهد الدولية ','','','','','','','','','','','',1),
(161,'مصنع الجعويني للزجاج العازل ','','','','','','','','','','','',1),
(162,'مؤسسة الحسينية للرخام والجرانيت ','','','','','','','','','','','',1),
(163,'شركة مصنع القبلان للأنابيب الحرارية','','','','','','','','','','','',1),
(164,'مؤسسة اليوبي للتجارة ','','','','','','','','','','','',1),
(165,'الشركة العربية المطورة لخزانات المياه المحدودة ','','','','','','','','','','','',1),
(166,'شركة بادكوك للمقاولات ','','','','','','','','','','','',1),
(167,'بالبيد للديكور ','','','','','','','','','','','',1),
(168,'بصمات للإستثمار الإلكتروني ','','','','','','','','','','','',1),
(169,'مؤسسة فن السجاد','','','','','','','','','','','',1),
(170,'الخزائن المبتكرة ','','','','','','','','','','','',1),
(171,'دار سيراميك ','','','','','','','','','','','',1),
(172,'شركة ديرمابيت','','','','','','','','','','','',1),
(173,'الشركة الفنية لتنفيذ الأعمال الكهرميكانيكية (إيتا)','','','','','','','','','','','',1),
(174,'جمجوم للسيارات والمعدات ','','','','','','','','','','','',1),
(175,'مصنع جده للإسمنت/مصنع إسمنت الغربية','','','','','','','','','','','',1),
(176,'لغراند','','','','','','','','','','','',1),
(177,'مجموعة مكة للمقاولات والصناعة ','','','','','','','','','','','',1),
(178,'شركة ماموت لأنظمة المباني','','','','','','','','','','','',1),
(179,'منار العمران ','','','','','','','','','','','',1),
(180,'شركة مصنع منتجات البوزولان','','','','','','','','','','','',6),
(181,'شركة منتجات البولي المحدودة (راحة)','','','','','','','','','','','',1),
(182,'المصنع السعودي للألواح العازلة ','','','','','','','','','','','',1),
(183,'مجموعة مستشفيات السعودي الألماني','','','','','','','','','','','',1),
(184,'شركة فيتونيت السعودية المحدودة (سافيتو)','','','','','','','','','','','',1),
(185,'شركة المشغولات الحديدة والخشبية ','','','','','','','','','','','',1),
(186,'شركة سويتا ','','','','','','','','','','','',1),
(187,'مصنع الشركة الفنية لأعمال الدهانات ','','','','','','','','','','','',1),
(188,'مؤسسة عبدالعزيز للتجارة AT-Medcial','','','','','','','','','','','',1),
(189,'أول نت Awal Net','','','','','','','','','','','',1),
(190,'المستشفى العربيThe Arab Hospital','','','','','','','','','','','',1),
(191,'عطية الطبية Attieh Medico','','','','','','','','','','','',1),
(192,'امنح حياة Give a Life','','','','','','','','','','','',1),
(193,'سعودي لوجيستيك Saudi Logistics','','','','','','','','','','','',1),
(194,'روش Roche','','','','','','','','','','','',1),
(195,'الأفضل Best','','','','','','','','','','','',1),
(196,'باناسونيك   Panasonic','','','','','','','','','','','',1),
(197,'بيت الأشعة House of Rays','','','','','','','','','','','',1),
(198,'شركة تطوير القطاع الصحي القابضة Healthcare Development holding co','','','','','','','','','','','',1),
(199,'فيروس روتا Rota Virus','','','','','','','','','','','',1),
(200,'Arabian Fishers','27195','11417','Riyadh','Saudi Arabia','','','','','','','',1),
(202,'BASELAT Vending Machines & Coffee stuff','','','','','','','','','','','',1),
(203,'Basurrah Est.','','','','','','','','','','','',1),
(204,'International Food & Consumable Goods Co.','','','','','','','','','','','',1),
(205,'Chanmag Bakery Machine Co.','','','','','','','','','','','',1),
(206,'Al-Jazal Bakery','','','','','','','','','','','',1),
(207,'Royal Host','','','','','','','','','','','',1),
(208,'Fresh Corn Est','','','','','','','','','','','',1),
(209,'Gulf Catering Co.','','','','','','','','','','','',1),
(210,'Al Kanaa Factories Co. Ltd','','','','','','','','','','','',1),
(211,'Ibrahim Abdulaziz Al-Bokhari J.S.Co','','','','','','','','','','','',1),
(212,'Said Bawazir Trading Corp.','','','','','','','','','','','',1),
(213,'Bouras Global Trading','','','','','','','','','','','',1),
(214,'Gulfwest Company Ltd.','','','','','','','','','','','',1),
(215,'Al-Jared Est. Kitchen Equipment','6357','21442','Jeddah','Saudi Arabia','','','','','','','',1),
(216,'Radisson Sas','','','','','','','','','','','',1),
(217,'الدكتور محمد عبد اللطيف العمري للترجمة','','','','','','','','','','','',1),
(218,'المركز السعودي للترجمة','','','','','','','','','','','',1),
(219,'مؤسسة الراجحي للترجمة','','','','','','','','','','','',1),
(220,'مركز خدمات الترجمة','','','','','','','','','','','',1),
(221,'مركز نسيبة الدولى للترجمة','','','','','','','','','','','',1),
(222,'مكتب أحمد عبدالله حميدالدين للترجمة','','','','','','','','','','','',1),
(223,'مكتب المحامي أسامة خير الخضراء','','','','','','','','','','','',1),
(224,'مكتب عارف عثمان للترجمة','','','','','','','','','','','',1),
(225,'مكتب عبدالعزيز عبدالستار تركستاني','','','','','','','','','','','',1),
(226,'الشركة الوطنية للادارة','','','','','','','','','','','',1),
(227,'مكتب الحصيني للإستشارات الإدارية','','','','','','','','','','','',1),
(228,'أعلام للدراسات والإستشارات ','','','','','','','','','','','',1),
(229,'مركز ميدا للاستشارات والبحوث الادراية','','','','','','','','','','','',1),
(230,'شركة الوطئية للإدارة والخدمات','','','','','','','','','','','',1),
(231,'الشركة الوطنية للإدارة والخدمات المحدودة','','','','','','','','','','','',1),
(232,'مركز مبدأ للإستشارات والبحوث الإدارية','','','','','','','','','','','',1),
(233,'مركز مروان جمجوم للاستشارات الادارية والتطوير','','','','','','','','','','','',1),
(234,'مكتب الاستشارات للخدمات الادارية','','','','','','','','','','','',1),
(235,'شركة الخبراء للتقنية ','','','','','','','','','','','',1),
(236,'مكتب عطية الغامدي لادارة الاملاك','','','','','','','','','','','',1),
(237,'ادارة برج علي رضا','','','','','','','','','','','',1),
(238,'الشركة العقارية الموحدة','','','','','','','','','','','',1),
(239,'المركز السعودي للأعمال','','','','','','','','','','','',1),
(240,'شركة ابراج البحر','','','','','','','','','','','',1),
(241,'شركة السليمان الحمدان وإخوانه','','','','','','','','','','','',1),
(242,'شركة الكثيم العقارية','','','','','','','','','','','',1),
(243,'مؤسسة الانواء','','','','','','','','','','','',1),
(244,'مؤسسة الفيصل','','','','','','','','','','','',1),
(245,'مؤسسة عبدالله عبدالرحمن الدهيش','','','','','','','','','','','',1),
(246,'شركة سليمان عبد العزيز الراجحي وأولاده','','','','','','','','','','','',1),
(247,'مكتب التأجير وإدارة الأملاك','','','','','','','','','','','',1),
(248,'مكتب الشيخ محمد احمد خرجي','','','','','','','','','','','',1),
(249,'مكتب طلال محمد مكي جمجوم','','','','','','','','','','','',1),
(250,'مكتب محمد عايض الزهراني','','','','','','','','','','','',1),
(251,'المكتب السعودي للإستقدام','','','','','','','','','','','',1),
(252,'الموعد للإستقدام','','','','','','','','','','','',1),
(253,'خالد للاستقدام','','','','','','','','','','','',1),
(254,'علي القرشي للإستقدام','','','','','','','','','','','',1),
(255,'مؤسسة ذيب سعيد عابد البلوي','','','','','','','','','','','',1),
(256,'مؤسسة سعيد علي الغامدي للإستقدام','','','','','','','','','','','',1),
(257,'مؤسسة صالح الصالح الحرندة للإستقدام','','','','','','','','','','','',1),
(258,'مؤسسة عبدالمحسن عبدالله حمد','','','','','','','','','','','',1),
(259,'مؤسسة عبيد عبدالله الحجدلي','','','','','','','','','','','',1),
(260,'مؤسسة غازي عمر غراب','','','','','','','','','','','',1),
(261,'مؤسسة إيلاف للإستقدام','','','','','','','','','','','',1),
(262,'مؤسسة حسين أمين زقزوق للإستقدام','','','','','','','','','','','',1),
(263,'مؤسسة محسن العميري للإستقدام','','','','','','','','','','','',1),
(264,'مؤسسة مدينة جدة','','','','','','','','','','','',1),
(265,'مؤسسة مدينة جدة للإستقدام','','','','','','','','','','','',1),
(266,'مركز عدنان إبراهيم أحمد غلام للإستقدام','','','','','','','','','','','',1),
(267,'مكتب الحازمي للإستقدام','','','','','','','','','','','',1),
(268,'مكتب ادهم للاستقدام','','','','','','','','','','','',1),
(269,'مكتب اساس البناء للاستقدام','','','','','','','','','','','',1),
(270,'مكتب استقدام الخبرة الطويلة','','','','','','','','','','','',1),
(271,'مكتب الجزيرة للإستقدام','','','','','','','','','','','',1),
(272,'مكتب الخبرة الطويلة للإستقدام','','','','','','','','','','','',1),
(273,'مكتب السليم للإستقدام','','','','','','','','','','','',1),
(274,'مكتب الشروق للإستقدام','','','','','','','','','','','',1),
(275,'مكتب العيد للاستقدام','','','','','','','','','','','',1),
(276,'مكتب الغنيم للإستقدام','','','','','','','','','','','',1),
(277,'مكتب القارات للإستقدام','','','','','','','','','','','',1),
(278,'مكتب القرشي للإستقدام','','','','','','','','','','','',1),
(279,'مكتب المعد للاستقدام','','','','','','','','','','','',1),
(280,'مكتب النفير للإستقدام','','','','','','','','','','','',1),
(281,'مكتب الوحدة للإستقدام','','','','','','','','','','','',1),
(282,'مكتب الوفاء للاستقدام','','','','','','','','','','','',1),
(283,'مكتب الوميض للإستقدام','','','','','','','','','','','',1),
(284,'مكتب باجبير للإستقدام','','','','','','','','','','','',1),
(285,'مكتب عبدالسلام محمد حلواني للإستقدام','','','','','','','','','','','',1),
(286,'مكتب عبدالله الراجحي للإستقدام','','','','','','','','','','','',1),
(287,'مكتب عيد للإستقدام','','','','','','','','','','','',1),
(288,'مكتب محمد عبدالله احمد ابو سرهد','','','','','','','','','','','',1),
(289,'الخبرة الطويلة للاستقدام','','','','','','','','','','','',1),
(290,'الراجحي للإستقدام','','','','','','','','','','','',1),
(291,'مؤسسة إبراهيم زيد عباس أزرق','','','','','','','','','','','',1),
(292,'الاختيار للإستقدام','','','','','','','','','','','',1),
(293,'المكتب السليم للإستقدام','','','','','','','','','','','',1),
(294,'الواحات للإستقدام','','','','','','','','','','','',1),
(295,'دار العاديات للنقل المدرسى','','','','','','','','','','','',1),
(296,'الشركة العربية للنقل','','','','','','','','','','','',1),
(297,'شركة خدمات النقل الخاصة ','','','','','','','','','','','',1),
(298,'فرناس لتأجير السيارات ','','','','','','','','','','','',1),
(299,'الشركة العالمية لتأجير السيارات ( بدجت )','','','','','','','','','','','',1),
(300,'شركة نجمة السالم للنقل والسياحة','','','','','','','','','','','',1),
(301,'الشركة الوطنية السعودية للنقل','','','','','','','','','','','',1),
(302,'شركة الوطنية للنقل','','','','','','','','','','','',1),
(303,'الجوهرة لنقل الطالبات','','','','','','','','','','','',1),
(304,'الريان لنقل الطالبات','','','','','','','','','','','',1),
(305,'الزهراء للنقل المدرسي','','','','','','','','','','','',1),
(306,'الشركة السعودية للنقل الجماعى','','','','','','','','','','','',1),
(307,'النزهة للنقل المدرسي','','','','','','','','','','','',1),
(308,'شركة المقبل المقرن للنقليات','','','','','','','','','','','',1),
(309,'شركة أصناف الجزيرة للتجارة','','','','','','','','','','','',1),
(310,'شركة التوكيلات التجارية للشرق الاوسط','','','','','','','','','','','',1),
(311,'شركة الركاب العربية للتجارة','','','','','','','','','','','',1),
(312,'شركة ديفرو السعودية المحدودة','','','','','','','','','','','',1),
(313,'شركة سعيد البسامي المحدودة','','','','','','','','','','','',1),
(314,'شركة عبد الكريم السديس وشركاه','','','','','','','','','','','',1),
(315,'شركة عبدالله فايز وشريكه','','','','','','','','','','','',1),
(316,'شركة عبر الجزيرة العربية المحدودة','','','','','','','','','','','',1),
(317,'شركة فايز للتجارة والخدمات المحدودة','','','','','','','','','','','',1),
(318,'منار الراكب لتأجير السبرات ','','','','','','','','','','','',1),
(319,'حافل للنقل','','','','','','','','','','','',1),
(320,'مجموعة العجو','','','','','','','','','','','',1),
(321,'شركة الوفاق لنقل الركاب','','','','','','','','','','','',1),
(322,'شركة دلة لنقل الحجاج','','','','','','','','','','','',1),
(323,'مؤسسة الخالد لنقل طالبات الجامعة','','','','','','','','','','','',1),
(324,'الشركة السعودية للنقل الجماعي','','','','','','','','','','','',1),
(325,'الشركة السعودية للنقل الجماعي - رابغ','','','','','','','','','','','',1),
(326,'الشركة المثالية الوطنية المحدودة','','','','','','','','','','','',1),
(327,'شركة الاندلس لنقل الحجاج ','','','','','','','','','','','',1),
(328,'شركة المدينة المنورة لنقل الحجاج ','','','','','','','','','','','',1),
(329,'شركة المشاريع التجارية العربية للسفريات ','','','','','','','','','','','',1),
(330,'نادي الإتحاد لكرة القدم','','','','','','','','','','','',1),
(331,'نادي الأهلي لكرة القدم','','','','','','','','','','','',1),
(332,'نادي سهراية سنتر الرياضي للسيدات','','','','','','','','','','','',1),
(333,'عالم اللياقة وبناء الأجسام','','','','','','','','','','','',1),
(334,'استاد الامير عبدالله الفيصل','','','','','','','','','','','',1),
(335,'مجلس الفروسية','','','','','','','','','','','',1),
(336,'غواص الاحلام','','','','','','','','','','','',1),
(337,'غواص البحر الاحمر','','','','','','','','','','','',1),
(338,'قرية الغوص','','','','','','','','','','','',1),
(339,'شاطئ النخيل','','','','','','','','','','','',1),
(340,'مرسى جدة لليخوت','','','','','','','','','','','',1),
(341,'مجموعة الخريف التجارية','','','','','','','','','','','',1),
(342,'السنبوك لتجهيزات البحرية','','','','','','','','','','','',1),
(343,'مدينة الملك فهد الساحلية للرياضة والترفية','','','','','','','','','','','',1),
(344,'المرسى البحري بمنتجع درة العروس','','','','','','','','','','','',1),
(345,'اجنحة العرب الخطوط الملكية المغربية ','','','','','','','','','','','',1),
(346,'الخطوط الجزائرية ','','','','','','','','','','','',1),
(347,'الخطوط الجوية الاثيوبية ','','','','','','','','','','','',1),
(348,'الخطوط الجوية الاسبانية ','','','','','','','','','','','',1),
(349,'الخطوط الجوية الافريقية ','','','','','','','','','','','',1),
(350,'الخطوط الجوية الايرانية ','','','','','','','','','','','',1),
(351,'الخطوط الجوية الايطالية ','','','','','','','','','','','',1),
(352,'الخطوط الجوية الباكستانية ','','','','','','','','','','','',1),
(353,'الخطوط الجوية البريطانية ','','','','','','','','','','','',1),
(354,'الخطوط الجوية البنجلاديشية - بيمان ','','','','','','','','','','','',1),
(355,'الخطوط الجوية التونسية ','','','','','','','','','','','',1),
(356,'الخطوط الجوية الجيبوتية ','','','','','','','','','','','',1),
(357,'الخطوط الجوية السنغافورية ','','','','','','','','','','','',1),
(358,'الخطوط الجوية السودانية ','','','','','','','','','','','',1),
(359,'الخطوط الجوية العالمية ','','','','','','','','','','','',1),
(360,'الخطوط الجوية العربية الليبية ','','','','','','','','','','','',1),
(361,'الخطوط الجوية الفرنسية ','','','','','','','','','','','',1),
(362,'الخطوط الجوية الفلبينية ','','','','','','','','','','','',1),
(363,'الخطوط الجوية الكويتية ','','','','','','','','','','','',1),
(364,'الخطوط الجوية الكينية ','','','','','','','','','','','',1),
(365,'الخطوط الجوية اليمنية ','','','','','','','','','','','',1),
(366,'الخطوط الجوية اليونانية ','','','','','','','','','','','',1),
(367,'الخطوط الجوية عبر المتوسط ','','','','','','','','','','','',1),
(368,'الخطوط الاندونيسية (جارودا) ','','','','','','','','','','','',1),
(369,'الراجحي للطيران','','','','','','','','','','','',1),
(370,'الزومان للطيران','2069','21451','Jeddah','K.S.A','','','','','','','',1),
(371,'وكالةعبدالله بن رافعه للطيران','','','','','','','','','','','',1),
(372,'خطوط دالو','','','','','','','','','','','',1),
(373,'اجنحة العرب للسياحة والسفريات ','','','','','','','','','','','',1),
(374,'اجنحة فرناس للسياحة والسفريات ','','','','','','','','','','','',1),
(375,'التوكيلات العالمية للسياحة ','','','','','','','','','','','',1),
(376,'وكالة القمة للسياحة والسفر','','','','','','','','','','','',1),
(377,'وكالة إيلاف للسياحة والسفريات','','','','','','','','','','','',1),
(378,'وكالة ميراج للسفر والسياحة','','','','','','','','','','','',1),
(379,'الشركة السعودية للسفريات','','','','','','','','','','','',1),
(380,'شكرة الحاج عبدالله علي رضا للسياحة','','','','','','','','','','','',1),
(381,'شركة عطلات الطيار للسفر والسياحة','','','','','','','','','','','',1),
(382,'الشركة الأهلية للمشاريع الترفيهية','','','','','','','','','','','',1),
(383,'الشركة الدولية لأجهزة الترفيه','','','','','','','','','','','',1),
(384,'الشركة العربية لوسائل الترفيه','','','','','','','','','','','',1),
(385,'مركز وندر لاند','','','','','','','','','','','',1),
(386,'مصنع حسان دريان للبيوت الجاهزة','','','','','','','','','','','',1),
(387,'مؤسسة ريدان عزت إبراهيم للبيوت الجاهزة','','','','','','','','','','','',1),
(388,'مؤسسة طارق بن محفوظ للبيوت الجاهزة','','','','','','','','','','','',1),
(201,'Ahmed A.Abed Trading Est Bakemate','','','','','','','','','','','',1),
(389,'Gluetube','','','','','','','','','','','',0),
(392,'8.BITS   Web solution and Marketing','1084','11732','','','','','','','','','',1),
(390,'3SOLUTION','15600','21454','Jeddah','Saudi Arabia','','','','','','','',1),
(391,'4CAST ROAYA   For Media Marketing','54873','21524','Jeddah','Saudi Arabia','','','','','','','',1),
(393,'A X Armani Exchange','5967','21432','','','','','','','','','',1),
(394,'A.K.A SAEED','16302','21464','','','','','','','','','',1),
(395,'Abbar & Zainy','5700','21432','','','','','','','','','',1),
(396,'Abdul Latif Jameel Community Services Programs','248','21411','','','','','','','','','',1),
(397,'Abdul Latif Jameel Import & Distribution Co.Ltd.','42411','21541','','','','','','','','','',1),
(398,'ACIG','7076','21462','Jeddah','Ksa','','','','','','','',1),
(399,'ACTIVATORS The AdvirtIsing','','','','','','','','','','','',1),
(400,'Acwa Power Sasakura','10073','21433','','','','','','','','','',1),
(401,'ADAMA CLINICS -Jeddah','','','Jeddah','Saudi Arabia','','','','','','','',1),
(402,'ADM','118471','21312','','','','','','','','','',1),
(403,'Afal Contracting Est','100033','21311','','','','','','','','','',1),
(404,'AHMED MOHAMED SALEH BAESHEN&CO','','','','','','','','','','','',1),
(405,'Air For Industrial Solutions Est.','11429','21453','','','','','','','','','',1),
(406,'AIR FRANCE  Western Province Management,Saudi Arabia','4570','21412','','','','','','','','','',1),
(407,'AL AHILA RESTAURANTS CO','8030','21482','','','','','','','','','',1),
(408,'Al Alaa Printing','6528','21452','','','','','','','','','',1),
(409,'Al Arabiya Intergrated Media Concept','112116','21371','','','','','','','','','',1),
(410,'AL BASSAM & AL MUDAIHEEM  Crtifield Public Accountants & Consultants','15651','21454','','','','','','','','','',1),
(411,'Al Bilad Est For Journalism&Publishing','6340','21442','','','','','','','','','',1),
(412,'Al Daraibi Computer','30981','21487','','','','','','','','','',1),
(413,'Al Eslah Magzine','','','','','','','','','','','',1),
(414,'Al Hadaf Advertising','4391','21491','','','','','','','','','',1),
(415,'Al Haddad Telecom','11629','21463','','','','','','','','','',1),
(416,'Al Iqtisadiya','4556','21412','','','','','','','','','',1),
(417,'Al Jazirah Vehicles Agencies Co.','19892','21445','','','','','','','','','',1),
(418,'Al Jedaie  Fabrics&Furniture','19247','21435','','','','','','','','','',1),
(419,'Al Jeel Advirtising','5429','21421','','','','','','','','','',1),
(420,'Al Kanaa factories Co. Ltd','33390','21448','','','','','','','','','',1),
(421,'Al Khabeer Financial Advisors','128289','21362','','','','','','','','','',1),
(422,'Al Khabeer International','','2075','','','','','','','','','',1),
(423,'Al Khereiji For Huj & umra','7112','21462','','','','','','','','','',1),
(424,'Al Magzal art east ','14886','21434','','','','','','','','','',1),
(425,'Al Malakiya for Gold & Jewelry','','','','','','','','','','','',1),
(426,'Al Marbie Co.Ltd','3226','21471','','','','','','','','','',1),
(427,'AL MOALLIM JEWELLERY','','','','','','','','','','','',1),
(428,'AL MUHAIDIB CONTRACTING CO','9291','21413','','','','','','','','','',1),
(429,'AL MUTLAQ UNITED COMPANY','995','31421','','','','','','','','','',1),
(430,'AL NAHAR Est','32723','21438','','','','','','','','','',1),
(431,'Al Oswah For Advirtising','16542','21474','','','','','','','','','',1),
(432,'Al Rawasha Sweet & Outside Catering','','','','','','','','','','','',1),
(433,'Al Rubaiyat Company For Industry & Trading Ltd','5967','21432','','','','','','','','','',1),
(434,'Al Saif Trading Agenccies Co','8706','21492','','','','','','','','','',1),
(435,'Al Sawani Group','9411','21413','','','','','','','','','',1),
(436,'Al Sudais Pharmacies','9030','21413','','','','','','','','','',1),
(437,'Al Sultan High Luxury&Fantastic Linens &Embrodery','','','','','','','','','','','',1),
(438,'Al Tazaj Fakieh Bar B.Q Chicken','22860','21416','','','','','','','','','',1),
(439,'Al Wasatah Al Malih','50315','11523','','','','','','','','','',1),
(440,'Alagely Advertising Agency','','','','','','','','','','','',1),
(441,'ALAWWAL','51536','21553','','','','','','','','','',1),
(442,'Albert Premoseven','17775','21494','','','','','','','','','',1),
(443,'ALGHAZ CO. LTD   Contracting&Trading','7451','11462','','','','','','','','','',1),
(444,'AL-GHAZALI Trading Co','2595','21461','','','','','','','','','',1),
(445,'AlHadad Telecom','11629','21463','','','','','','','','','',1),
(446,'Alhamrani Universal Company Ltd','','','','','','','','','','','',1),
(447,'Aljomaih Automotive Company','8837','21492','','','','','','','','','',1),
(448,'All Jamea Plaza','14455','21424','','','','','','','','','',1),
(449,'All of Us   London','','','','','','','','','','','',1),
(450,'Almajal Servicemaster','6930','21452','','','','','','','','','',1),
(451,'Almazon Information technology','14565','21434','','','','','','','','','',1),
(452,'Almuhaidib Foods','9149','31413','','','','','','','','','',1),
(453,'ALMUZN ARABIA  Constraction &Engineering','8150','21482','','','','','','','','','',1),
(454,'Alrashed & Althunayan Auto Co.','34666','21378','','','','','','','','','',1),
(455,'Alsaddaqa for communication Sets','5846','21432','','','','','','','','','',1),
(456,'Al-Shamiyah Urban Development Company (L.L.C)','51793','21553','','','','','','','','','',1),
(457,'Al-Taza  BBQ Chicken','22860','21416','','','','','','','','','',1),
(458,'Al-Thunaiya Technology for Construction','4933','21412','','','','','','','','','',1),
(459,'Alwataniya  Advirtising, Publishing & Media Development','53698','21593','Jeddah','','','','','','','','',1),
(460,'Alzouman Institute For Cmmercial Airline Services','2069','21451','','','','','','','','','',1),
(461,'AMADEUS  Your technology Partner','16196','21464','','','','','','','','','',1),
(462,'Ambient Lounge','','','','','','','','','','','',1),
(463,'Ameen Naji Sultan Est','17456','21484','','','','','','','','','',1),
(464,'AMERICAN HOMES FURNITURE','1433','21431','','','','','','','','','',1),
(465,'Anma Group','51092','21543','Jeddah','Saudi Arabia','','','','','','','',1),
(466,'Arab Fisheries Co','17604','21494','','','','','','','','','',1),
(467,'Arab National Bank','9463','21413','','','','','','','','','',1),
(468,'Arab Reach Media Services','23998','21436','','','','','','','','','',1),
(469,'ARABASCO','9094','21413','','','','','','','','','',1),
(470,'Arabian Food Supplies Co.','1400','21431','','','','','','','','','',1),
(471,'ARABIAN KEY','53165','21583','','','','','','','','','',1),
(472,'ARABIAN MALAYSIAN TAKAFUL CO.','136718','21313','','','','','','','','','',1),
(473,'ARAMEX','15802','21454','','','','','','','','','',1),
(474,'AREGON  Consulting Information Technology. Outsourcing','','','','','','','','','','','',1),
(475,'ARREYADI','112193','21371','','','','','','','','','',1),
(476,'Art Gallery','9913','24123','','','','','','','','','',1),
(477,'ASAS  (J.S) For Contracting','122831','21332','','','','','','','','','',1),
(478,'Asas Pan Gulf','815','11421','','','','','','','','','',1),
(479,'ASSETS  Financial House','15110','21444','','','','','','','','','',1),
(480,'At Medical','','','','','','','','','','','',1),
(481,'Attieh Medicco','116105','21391','','','','','','','','','',1),
(482,'Austrian National Tourist Office','214050','','','Dubai','','','','','','','',1),
(483,'AutoMall','6988','23617','','','','','','','','','',1),
(484,'Aval Net','','','','','','','','','','','',1),
(485,'Awalem Aldur Commercial Est','14928','21434','','','','','','','','','',1),
(486,'Azizia Mall','361006','11313','','','','','','','','','',1),
(487,'B T Applied Technology','122257','21332','','','','','','','','','',1),
(489,'B&A Visual Communication Consultants','126377','21352','','','','','','','','','',1),
(490,'Baallaid  For Decoration','','','','','','','','','','','',1),
(491,'Backomfrot','10072','11433','','','','','','','','','',1),
(492,'Baflah International Furneture','','','','','','','','','','','',1),
(493,'BAJASAIR Metal Art Craft Factory','17221','21484','','','','','','','','','',1),
(494,'Bajubeir Electronics Est','33826','21458','','','','','','','','','',1),
(495,'BAKRI International Energy Co.Ltd','3757','21481','','','','','','','','','',1),
(496,'Ballaid For Decoration','','','','','','','','','','','',1),
(497,'Balubaid','213','21411','Jeddah','Saudi Arabia','','','','','','','',1),
(498,'Banawi Industrial Group','8281','21482','Jeddah','','','','','','','','',1),
(499,'BANK ALJAZIRA','6277','21442','Jeddah','Ksa','','','','','','','',1),
(501,'Banque Saudi fransi  Private Banking','','21411','','','','','','','','','',1),
(502,'Barakat Jewellery','6335','21442','','','','','','','','','',1),
(503,'','','','','','','','','','','','/companylogos/3.jpg',0),
(504,'iodev','56875','2658','Yerevan','','+37455775960','Armenia','iodevllc.com','+37493775960','iodevteam@gmail.com','Information Technology','/companylogos/It news.jpg',0),
(505,'iodev','Asdasd','Asdasd','Yerevan','','Asdasd','Asdasd','Asdasd','67167629761','tigran.mamrtirosyan.140@facebook.com','tech','/companylogos/3.jpg',0),
(506,'iodev','Asdasd','Asdasd','Yerevan','','+3789456452','Asdasd','Asdasd','67167629761','hamgalo@mail.ru','asdasd','/companylogos/12.png',0),
(507,'ATM','56898','54658','Yerevan','','+3745865785','Armenia','atmit.am','+3749356568','atmprogramming@gmail.com','Tech','/companylogos/IT-news-header_1.jpg',0);

/*Table structure for table `company_comments` */

DROP TABLE IF EXISTS `company_comments`;

CREATE TABLE `company_comments` (
  `id` int(10) unsigned NOT NULL AUTO_INCREMENT,
  `user_id` int(11) NOT NULL,
  `comment` varchar(255) COLLATE utf8_unicode_ci NOT NULL,
  `company_id` int(11) NOT NULL,
  `created_at` timestamp NULL DEFAULT NULL,
  `updated_at` timestamp NULL DEFAULT NULL,
  `type` enum('contact','company') COLLATE utf8_unicode_ci NOT NULL DEFAULT 'contact',
  PRIMARY KEY (`id`)
) ENGINE=InnoDB AUTO_INCREMENT=9 DEFAULT CHARSET=utf8 COLLATE=utf8_unicode_ci;

/*Data for the table `company_comments` */

insert  into `company_comments`(`id`,`user_id`,`comment`,`company_id`,`created_at`,`updated_at`,`type`) values 
(1,6,'this  is a new comment',25,'2017-10-31 20:53:59','2017-10-31 20:53:59','contact'),
(2,6,'new comment abotu the client',25,'2017-10-31 20:54:10','2017-10-31 20:54:10','contact'),
(3,6,'this is a new comment',25,'2017-10-31 20:57:31','2017-10-31 20:57:31','contact'),
(4,6,'this comment is for company',24,'2017-11-06 03:31:29','2017-11-06 03:31:29','company'),
(5,6,'this is a new comment for company',24,'2017-11-06 03:31:59','2017-11-06 03:31:59','company'),
(6,6,'tet comment for 3SOLUTION',390,'2017-11-06 03:32:51','2017-11-06 03:32:51','company'),
(7,6,'This comment is for Contact',216,'2017-11-06 03:52:51','2017-11-06 03:52:51','contact'),
(8,6,'test',216,'2017-11-06 03:55:28','2017-11-06 03:55:28','contact');

/*Table structure for table `company_details` */

DROP TABLE IF EXISTS `company_details`;

CREATE TABLE `company_details` (
  `id` int(10) unsigned NOT NULL AUTO_INCREMENT,
  `company_id` int(11) DEFAULT NULL,
  `type` varchar(255) DEFAULT NULL,
  `value` varchar(255) DEFAULT NULL,
  `default_no` tinyint(3) DEFAULT NULL,
  PRIMARY KEY (`id`)
) ENGINE=InnoDB AUTO_INCREMENT=15 DEFAULT CHARSET=utf8;

/*Data for the table `company_details` */

insert  into `company_details`(`id`,`company_id`,`type`,`value`,`default_no`) values 
(1,1,'mobile','1234456347',1),
(2,1,'telephone','231434763574578',0),
(3,2,'telephone','21432423',0),
(4,2,'fax','432143',0),
(5,2,'mobile','124123412',1),
(6,3,'fax','dfsa',0),
(7,3,'telephone','3243',1),
(8,4,'telephone','3432423',1),
(9,100,'','',1),
(10,100,'','',1),
(11,100,'','',1),
(12,NULL,'','',1),
(13,100,'','',1),
(14,150,'telephone','214',1);

/*Table structure for table `contact` */

DROP TABLE IF EXISTS `contact`;

CREATE TABLE `contact` (
  `contact_id` int(11) NOT NULL AUTO_INCREMENT,
  `name` varchar(255) CHARACTER SET utf8 COLLATE utf8_unicode_ci NOT NULL,
  `job_title` text NOT NULL,
  `department` varchar(255) NOT NULL,
  `city` varchar(255) NOT NULL,
  `email` varchar(255) NOT NULL,
  `phone_number` varchar(255) NOT NULL,
  `mobile_number` varchar(255) NOT NULL,
  `location` varchar(255) NOT NULL,
  `company_id` int(11) NOT NULL,
  `company_pob` varchar(255) DEFAULT NULL,
  `company_zip` varchar(255) DEFAULT NULL,
  `company_city` varchar(255) DEFAULT NULL,
  `company_country` varchar(255) DEFAULT NULL,
  `ai_title` varchar(255) CHARACTER SET utf8 NOT NULL,
  `last_call_date` datetime NOT NULL,
  `prospect` varchar(255) CHARACTER SET utf8 NOT NULL,
  `status` varchar(255) CHARACTER SET utf8 NOT NULL,
  `aoi` varchar(255) CHARACTER SET utf8 NOT NULL,
  `reminder_date` date NOT NULL,
  `contact_img` varchar(255) NOT NULL,
  `agent_id` int(11) NOT NULL,
  `updated` datetime DEFAULT NULL,
  `date_created` timestamp NOT NULL DEFAULT CURRENT_TIMESTAMP,
  PRIMARY KEY (`contact_id`)
) ENGINE=MyISAM AUTO_INCREMENT=601 DEFAULT CHARSET=latin1;

/*Data for the table `contact` */

insert  into `contact`(`contact_id`,`name`,`job_title`,`department`,`city`,`email`,`phone_number`,`mobile_number`,`location`,`company_id`,`company_pob`,`company_zip`,`company_city`,`company_country`,`ai_title`,`last_call_date`,`prospect`,`status`,`aoi`,`reminder_date`,`contact_img`,`agent_id`,`updated`,`date_created`) values 
(1,'Naif Al Ghamdi ','','','','','','','',1,'','','','','','0000-00-00 00:00:00','','','','0000-00-00','',2,NULL,'0000-00-00 00:00:00'),
(2,'Ibrahim Ghalayini','','','','','','','',2,'','','','','','0000-00-00 00:00:00','','','','0000-00-00','',2,NULL,'0000-00-00 00:00:00'),
(3,'Alaa Nashed ','','','','','','','',100,'','','','','','0000-00-00 00:00:00','','','','0000-00-00','',6,NULL,'0000-00-00 00:00:00'),
(4,'Maher Kotob','','','','','','','',4,'','','','','','0000-00-00 00:00:00','','','','0000-00-00','',2,NULL,'0000-00-00 00:00:00'),
(5,'Khaled Romehi ','','','','','','','',0,'','','','','','0000-00-00 00:00:00','','','','0000-00-00','',6,NULL,'0000-00-00 00:00:00'),
(6,'Kassem Qadar','','','','','','','',6,'1271','21431','Jeddah','Saudi Arabia','','0000-00-00 00:00:00','','','','0000-00-00','',2,NULL,'0000-00-00 00:00:00'),
(7,'Mohamed Khalaf ','','','','','','','',7,'','','','','','0000-00-00 00:00:00','','','','0000-00-00','',2,NULL,'0000-00-00 00:00:00'),
(8,'Mohammad Anis','','','','','','','',8,'','','','','','0000-00-00 00:00:00','','','','2009-09-11','',2,NULL,'0000-00-00 00:00:00'),
(9,'Ehab Eid ','','','','','','','',9,'','','','','','0000-00-00 00:00:00','','','','0000-00-00','',2,NULL,'0000-00-00 00:00:00'),
(10,'Mohd Al Hussaini','','','','','','','',10,'','','','','','0000-00-00 00:00:00','','','','0000-00-00','',2,NULL,'0000-00-00 00:00:00'),
(11,'Hamoud Al Zahrani ','','','','','','','',10,'','','','','','0000-00-00 00:00:00','','','','0000-00-00','',2,NULL,'0000-00-00 00:00:00'),
(12,'Tahir Bakhsh ','','','','','','','',11,'','','','','','0000-00-00 00:00:00','','','','0000-00-00','',2,NULL,'0000-00-00 00:00:00'),
(13,'Hussain Al Ansari','','','','','','','',391,'54873','21524','Jeddah','Saudi Arabia','','0000-00-00 00:00:00','','','','2009-09-09','',2,NULL,'0000-00-00 00:00:00'),
(14,'Chafic Houry ','','','','','','','',13,'','','','','','0000-00-00 00:00:00','','','','0000-00-00','',2,NULL,'0000-00-00 00:00:00'),
(15,'Fahad Al Senie','','','','','','','',14,'11931','21463','Jeddah','Saudi Arabia','','0000-00-00 00:00:00','','','','2009-09-09','',2,NULL,'0000-00-00 00:00:00'),
(16,'Abdullah Danber ','','','','','','','',14,'11931','21463','Jeddah','Saudi Arabia','','0000-00-00 00:00:00','','','','0000-00-00','',2,NULL,'0000-00-00 00:00:00'),
(17,'Mousbah Al Ghamdi ','','','','','','','',15,'','','','','','0000-00-00 00:00:00','','','','0000-00-00','',2,NULL,'0000-00-00 00:00:00'),
(18,'Ayman Drandari ','','','','','','','',16,'','','','','','0000-00-00 00:00:00','','','','0000-00-00','',2,NULL,'0000-00-00 00:00:00'),
(19,'Adnan Al Hadi ','','','','','','','',17,'','','','','','0000-00-00 00:00:00','','','','0000-00-00','',2,NULL,'0000-00-00 00:00:00'),
(20,'Saad Al Khayat','','','','','','','',18,'','','','','','0000-00-00 00:00:00','','','','0000-00-00','',2,NULL,'0000-00-00 00:00:00'),
(21,'Abdulrahman Al Zahrani ','','','','','','','',18,'','','','','','0000-00-00 00:00:00','','','','0000-00-00','',2,NULL,'0000-00-00 00:00:00'),
(23,'Saud Al Sulimani','','','','','','','',0,'','','','','','0000-00-00 00:00:00','','','','0000-00-00','',2,NULL,'0000-00-00 00:00:00'),
(24,'Hussain Rauff','','','','','','','',20,'','','','','','0000-00-00 00:00:00','','','','2009-09-11','',2,NULL,'0000-00-00 00:00:00'),
(25,'Abdullah A. Bashara ','','','','','','','',21,'','','','','','0000-00-00 00:00:00','','','','0000-00-00','',2,NULL,'0000-00-00 00:00:00'),
(26,'Faisal Al Ghamdi','','','','','','','',20,'','','','','','0000-00-00 00:00:00','','','','2009-09-11','',2,NULL,'0000-00-00 00:00:00'),
(27,'Mohd Nadeem Arif ','','','','','','','',9,'','','','','','0000-00-00 00:00:00','','','','0000-00-00','',2,NULL,'0000-00-00 00:00:00'),
(28,'Tony Ghanem ','','','','','','','',22,'','','','','','0000-00-00 00:00:00','','','','0000-00-00','',2,NULL,'0000-00-00 00:00:00'),
(29,'Hamza Mohd ','','','','','','','',22,'','','','','','0000-00-00 00:00:00','','','','0000-00-00','',2,NULL,'0000-00-00 00:00:00'),
(30,'Asif Raza','','','','','','','',23,'','','','','','0000-00-00 00:00:00','','','','0000-00-00','',2,NULL,'0000-00-00 00:00:00'),
(31,'Mohd Badhib','','','','','','','',24,'','','','','','0000-00-00 00:00:00','','','','0000-00-00','',2,NULL,'0000-00-00 00:00:00'),
(32,'Rizwan R. Khan','','','','','','','',24,'','','','','','0000-00-00 00:00:00','','','','0000-00-00','',2,NULL,'0000-00-00 00:00:00'),
(33,'Anas Al Safi ','','','','','','','',12,'22800','21416','Jeddah','Saudi Arabia','','0000-00-00 00:00:00','','','','0000-00-00','',2,NULL,'0000-00-00 00:00:00'),
(34,'Rasmi Mohd','','','','','','','',25,'','','','','','0000-00-00 00:00:00','','','','0000-00-00','',2,NULL,'0000-00-00 00:00:00'),
(35,'Abdullah Banawi','','','','','','','',25,'','','','','','0000-00-00 00:00:00','','','','0000-00-00','',2,NULL,'0000-00-00 00:00:00'),
(36,'Khaled Khashojy','','','','','','','',26,'','','','','','0000-00-00 00:00:00','','','','0000-00-00','',2,NULL,'0000-00-00 00:00:00'),
(37,'Dr. Helmi Abdullah ','','','','','','','',27,'203','21411','Jeddah','Ksa','','0000-00-00 00:00:00','','','','0000-00-00','',2,NULL,'0000-00-00 00:00:00'),
(38,'Samer Nahas ','','','','','','','',28,'','','','','','0000-00-00 00:00:00','','','','0000-00-00','',2,NULL,'0000-00-00 00:00:00'),
(39,'Essam Al Hassan ','','','','','','','',29,'','','','','','0000-00-00 00:00:00','','','','0000-00-00','',2,NULL,'0000-00-00 00:00:00'),
(40,'The Reciption ','','','','','','','',30,'','','','','','0000-00-00 00:00:00','','','','0000-00-00','',2,NULL,'0000-00-00 00:00:00'),
(41,'Mohd Najam','','','','','','','',31,'350','21411','','','','0000-00-00 00:00:00','','','','2009-09-09','',2,NULL,'0000-00-00 00:00:00'),
(42,'Rody Askar ','','','','','','','',31,'350','21411','','','','0000-00-00 00:00:00','','','','0000-00-00','',2,NULL,'0000-00-00 00:00:00'),
(43,'Ahmed M/ Rahman','','','','','','','',32,'','','','','Airlines','0000-00-00 00:00:00','','','','0000-00-00','',2,NULL,'0000-00-00 00:00:00'),
(44,'Ibrahim Abu Mouti ','','','','','','','',33,'','','','','Banking ','0000-00-00 00:00:00','','','','0000-00-00','',2,NULL,'0000-00-00 00:00:00'),
(45,'Ahmed Rashad','','','','','','','',7,'','','','','Cakes','0000-00-00 00:00:00','','','','0000-00-00','',2,NULL,'0000-00-00 00:00:00'),
(46,'Ahmed Al Banna ','','','','','','','',7,'','','','','Cakes','0000-00-00 00:00:00','','','','0000-00-00','',2,NULL,'0000-00-00 00:00:00'),
(47,'Alaa Nashed ','','','','','','','',34,'','','','','Eyewears ','0000-00-00 00:00:00','','','','0000-00-00','',2,NULL,'0000-00-00 00:00:00'),
(48,'Isam Gamil ','','','','','','','',34,'','','','','Eyewears ','0000-00-00 00:00:00','','','','0000-00-00','',2,NULL,'0000-00-00 00:00:00'),
(49,'N/A','','','','','','','',35,'','','','','Hospitality','0000-00-00 00:00:00','','','','0000-00-00','',2,NULL,'0000-00-00 00:00:00'),
(50,'Mohd Abu Hajjar ','','','','','','','',36,'','','','','PR & Marketing Con.','0000-00-00 00:00:00','','','','0000-00-00','',2,NULL,'0000-00-00 00:00:00'),
(51,'Hesham Tahsin ','','','','','','','',7,'','','','','Restaurant','0000-00-00 00:00:00','','','','0000-00-00','',2,NULL,'0000-00-00 00:00:00'),
(52,'Mohamed Fawzy','','','','','','','',7,'','','','','Restaurant','0000-00-00 00:00:00','','','','0000-00-00','',2,NULL,'0000-00-00 00:00:00'),
(53,'Adel Mounib ','','','','','','','',7,'','','','','Restaurant','0000-00-00 00:00:00','','','','0000-00-00','',2,NULL,'0000-00-00 00:00:00'),
(54,'Mohd Sami ','','','','','','','',7,'','','','','Restaurant','0000-00-00 00:00:00','','','','0000-00-00','',2,NULL,'0000-00-00 00:00:00'),
(55,'Ramzi Al Omrani ','','','','','','','',37,'','','','','Trading Company','0000-00-00 00:00:00','','','','0000-00-00','',2,NULL,'0000-00-00 00:00:00'),
(56,'Raid Mandile','','','','','','','',37,'','','','','Trading Company','0000-00-00 00:00:00','','','','0000-00-00','',2,NULL,'0000-00-00 00:00:00'),
(57,'N/A','','','','','','','',38,'','','','','Trading Company','0000-00-00 00:00:00','','','','0000-00-00','',2,NULL,'0000-00-00 00:00:00'),
(58,'N/A','','','','','','','',38,'','','','','Trading Company','0000-00-00 00:00:00','','','','0000-00-00','',2,NULL,'0000-00-00 00:00:00'),
(59,'N/A','','','','','','','',38,'','','','','Trading Company','0000-00-00 00:00:00','','','','0000-00-00','',2,NULL,'0000-00-00 00:00:00'),
(60,'N/A','','','','','','','',38,'','','','','Trading Company','0000-00-00 00:00:00','','','','0000-00-00','',2,NULL,'0000-00-00 00:00:00'),
(61,'Rafat Tabet ','','','','','','','',39,'','','','','Trading Company','0000-00-00 00:00:00','','','','0000-00-00','',2,NULL,'0000-00-00 00:00:00'),
(62,'Ismael Edrush ','','','','','','','',39,'','','','','Trading Company','0000-00-00 00:00:00','','','','0000-00-00','',2,NULL,'0000-00-00 00:00:00'),
(63,'Mohd Kanawati ','','','','','','','',39,'','','','','Trading Company','0000-00-00 00:00:00','','','','0000-00-00','',2,NULL,'0000-00-00 00:00:00'),
(64,'Zaqwan A. Al Nabulsi ','','','','','','','',39,'','','','','Trading Company','0000-00-00 00:00:00','','','','0000-00-00','',2,NULL,'0000-00-00 00:00:00'),
(65,'M. Shahadat Islam ','','','','','','','',39,'','','','','Trading Company','0000-00-00 00:00:00','','','','0000-00-00','',2,NULL,'0000-00-00 00:00:00'),
(66,'Mr. Craig ','','','','','','','',39,'','','','','Trading Company','0000-00-00 00:00:00','','','','0000-00-00','',2,NULL,'0000-00-00 00:00:00'),
(67,'Younes Enayata ','','','','','','','',40,'','','','','Trading Company','0000-00-00 00:00:00','','','','0000-00-00','',2,NULL,'0000-00-00 00:00:00'),
(68,'Khaled Romehi ','','','','','','','',5,'','','','','Trading Company','0000-00-00 00:00:00','','','','0000-00-00','',2,NULL,'0000-00-00 00:00:00'),
(69,'Naif Al Ghamdi ','','','','','','','',1,'','','','','Trading Company','0000-00-00 00:00:00','','','','0000-00-00','',2,NULL,'0000-00-00 00:00:00'),
(70,'Mazen Al Sharif ','','','','','','','',2,'','','','','Trading Company','0000-00-00 00:00:00','','','','0000-00-00','',2,NULL,'0000-00-00 00:00:00'),
(71,'Renato C. Fernandes ','','','','','','','',5,'','','','','Trading Company','0000-00-00 00:00:00','','','','0000-00-00','',2,NULL,'0000-00-00 00:00:00'),
(72,'Ahmed Jamjoom','','','','','','','',41,'','','','','Trading Company','0000-00-00 00:00:00','','','','0000-00-00','',2,NULL,'0000-00-00 00:00:00'),
(73,'Rabie Yassine ','','','','','','','',42,'','','','','Trading Company','0000-00-00 00:00:00','','','','0000-00-00','',2,NULL,'0000-00-00 00:00:00'),
(74,'Hamid Othman ','','','','','','','',43,'','','','','Trading Company','0000-00-00 00:00:00','','','','0000-00-00','',2,NULL,'0000-00-00 00:00:00'),
(75,'Saud Al Sulaiman ','','','','','','','',19,'','','','','Furnitures ','0000-00-00 00:00:00','','','','0000-00-00','',2,NULL,'0000-00-00 00:00:00'),
(76,'Mark Stradford','','','','','','','',19,'','','','','Furnitures ','0000-00-00 00:00:00','','','','0000-00-00','',2,NULL,'0000-00-00 00:00:00'),
(77,'N/A','','','','','','','',44,'','','','','Trading Company','0000-00-00 00:00:00','','','','0000-00-00','',2,NULL,'0000-00-00 00:00:00'),
(78,'Mohd Habeeb ','','','','','','','',2,'','','','','Trading Company','0000-00-00 00:00:00','','','','0000-00-00','',2,NULL,'0000-00-00 00:00:00'),
(79,'Wissam El Husseini','','','','','','','',2,'','','','','Trading Company','0000-00-00 00:00:00','','','','0000-00-00','',2,NULL,'0000-00-00 00:00:00'),
(80,'Yasser Aitef ','','','','','','','',45,'','','','','Trading Company','0000-00-00 00:00:00','','','','0000-00-00','',2,NULL,'0000-00-00 00:00:00'),
(81,'Abdullah Ajlan ','','','','','','','',46,'','','','','Trading Company','0000-00-00 00:00:00','','','','0000-00-00','',2,NULL,'0000-00-00 00:00:00'),
(82,'Anwar Shebili ','','','','','','','',47,'','','','','Trading Company','0000-00-00 00:00:00','','','','0000-00-00','',2,NULL,'0000-00-00 00:00:00'),
(83,'Nazim Kheshan ','','','','','','','',47,'','','','','Trading Company','0000-00-00 00:00:00','','','','0000-00-00','',2,NULL,'0000-00-00 00:00:00'),
(84,'Mohd Shameem Sheikh ','','','','','','','',48,'','','','','Trading Company','0000-00-00 00:00:00','','','','0000-00-00','',2,NULL,'0000-00-00 00:00:00'),
(85,'Awal Kheir ','','','','','','','',49,'5967','21432','Jeddah','Ksa','Trading Company','0000-00-00 00:00:00','','','','0000-00-00','',2,NULL,'0000-00-00 00:00:00'),
(86,'N/A','','','','','','','',50,'','','','','Trading Company','0000-00-00 00:00:00','','','','0000-00-00','',2,NULL,'0000-00-00 00:00:00'),
(87,'Omar Bakr ','','','','','','','',51,'','','','','Trading Company','0000-00-00 00:00:00','','','','0000-00-00','',2,NULL,'0000-00-00 00:00:00'),
(88,'Eng.Ali saad Al-Qahtani','','','','','','','',52,'','','','','','0000-00-00 00:00:00','','','','0000-00-00','',3,NULL,'0000-00-00 00:00:00'),
(89,'Samir Abi salloum','','','','','','','',53,'','','','','','0000-00-00 00:00:00','','','','0000-00-00','',3,NULL,'0000-00-00 00:00:00'),
(90,'Jamal Noor','','','','','','','',54,'','','','','','0000-00-00 00:00:00','','','','0000-00-00','',3,NULL,'0000-00-00 00:00:00'),
(91,'Yaser Abdullah','','','','','','','',55,'','','','','','0000-00-00 00:00:00','','','','0000-00-00','',3,NULL,'0000-00-00 00:00:00'),
(92,'Taoufiq Raji','','','','','','','',56,'','','','','','0000-00-00 00:00:00','','','','0000-00-00','',3,NULL,'0000-00-00 00:00:00'),
(93,'Khalid Manzoor ','','','','','','','',57,'','','','','','0000-00-00 00:00:00','','','','0000-00-00','',3,NULL,'0000-00-00 00:00:00'),
(94,'Khaled Kamal','','','','','','','',58,'','','','','','0000-00-00 00:00:00','','','','0000-00-00','',3,NULL,'0000-00-00 00:00:00'),
(95,'Tafdal Khan','','','','','','','',59,'','','','','','0000-00-00 00:00:00','','','','0000-00-00','',3,NULL,'0000-00-00 00:00:00'),
(96,'Mohammed Amin','','','','','','','',60,'','','','','','0000-00-00 00:00:00','','','','0000-00-00','',3,NULL,'0000-00-00 00:00:00'),
(97,'Mahmoud Al Abbadi','','','','','','','',61,'','','','','','0000-00-00 00:00:00','','','','0000-00-00','',3,NULL,'0000-00-00 00:00:00'),
(98,'Mustafa Younes','','','','','','','',62,'','','','','','0000-00-00 00:00:00','','','','0000-00-00','',3,NULL,'0000-00-00 00:00:00'),
(99,'Yazan Abu Zannad','','','','','','','',63,'','','','','','0000-00-00 00:00:00','','','','0000-00-00','',3,NULL,'0000-00-00 00:00:00'),
(100,'Samer Shadeed','','','','','','','',64,'','','','','','0000-00-00 00:00:00','','','','0000-00-00','',3,NULL,'0000-00-00 00:00:00'),
(101,'Hamza Ebrahim','','','','','','','',65,'','','','','','0000-00-00 00:00:00','','','','0000-00-00','',3,NULL,'0000-00-00 00:00:00'),
(102,'Samer Saleem','','','','','','','',66,'','','','','','0000-00-00 00:00:00','','','','0000-00-00','',3,NULL,'0000-00-00 00:00:00'),
(103,'Saleh Mohed\\Omar gashlan','','','','','','','',67,'','','','','','0000-00-00 00:00:00','','','','0000-00-00','',3,NULL,'0000-00-00 00:00:00'),
(104,'Bassel Abdul Khalek','','','','','','','',68,'','','','','','0000-00-00 00:00:00','','','','0000-00-00','',3,NULL,'0000-00-00 00:00:00'),
(105,'Mohammed Hashim','','','','','','','',69,'','','','','','0000-00-00 00:00:00','','','','0000-00-00','',3,NULL,'0000-00-00 00:00:00'),
(106,'Adnan Abu Deeebah','','','','','','','',70,'','','','','','0000-00-00 00:00:00','','','','0000-00-00','',3,NULL,'0000-00-00 00:00:00'),
(107,'Mohammed chehiber','','','','','','','',71,'','','','','','0000-00-00 00:00:00','','','','0000-00-00','',3,NULL,'0000-00-00 00:00:00'),
(108,'Talal Alkatheri','','','','','','','',72,'','','','','','0000-00-00 00:00:00','','','','0000-00-00','',3,NULL,'0000-00-00 00:00:00'),
(109,'N/A','','','','','','','',73,'','','','','','0000-00-00 00:00:00','','','','0000-00-00','',3,NULL,'0000-00-00 00:00:00'),
(110,'Osama AL hayawi','','','','','','','',74,'','','','','','0000-00-00 00:00:00','','','','0000-00-00','',3,NULL,'0000-00-00 00:00:00'),
(111,'Dr.Ahmad Ramdan','','','','','','','',75,'','','','','','0000-00-00 00:00:00','','','','0000-00-00','',3,NULL,'0000-00-00 00:00:00'),
(112,'Dr.Mohammed Omran','','','','','','','',76,'','','','','','0000-00-00 00:00:00','','','','0000-00-00','',3,NULL,'0000-00-00 00:00:00'),
(113,'Dr.Ahmid Sadeg','','','','','','','',77,'','','','','','0000-00-00 00:00:00','','','','0000-00-00','',3,NULL,'0000-00-00 00:00:00'),
(114,'Qassem Hamadah','','','','','','','',78,'','','','','','0000-00-00 00:00:00','','','','0000-00-00','',3,NULL,'0000-00-00 00:00:00'),
(115,'Ameer Abo Ameer\\Seed Baba','','','','','','','',79,'','','','','','0000-00-00 00:00:00','','','','0000-00-00','',3,NULL,'0000-00-00 00:00:00'),
(116,'Dr. Hussam Hammad ','','','','','','','',80,'','','','','','0000-00-00 00:00:00','','','','0000-00-00','',3,NULL,'0000-00-00 00:00:00'),
(117,'Khalid Rajab','','','','','','','',81,'','','','','','0000-00-00 00:00:00','','','','0000-00-00','',3,NULL,'0000-00-00 00:00:00'),
(118,'Randa Baksh\\amadou','','','','','','','',82,'','','','','','0000-00-00 00:00:00','','','','0000-00-00','',3,NULL,'0000-00-00 00:00:00'),
(119,'Youssef Al saeed ','','','','','','','',83,'','','','','','0000-00-00 00:00:00','','','','0000-00-00','',3,NULL,'0000-00-00 00:00:00'),
(120,'Zakryah Al-baba','','','','','','','',84,'','','','','','0000-00-00 00:00:00','','','','0000-00-00','',3,NULL,'0000-00-00 00:00:00'),
(121,'Ehab Youssry','','','','','','','',85,'','','','','','0000-00-00 00:00:00','','','','0000-00-00','',3,NULL,'0000-00-00 00:00:00'),
(122,'Adnan Hadi','','','','','','','',86,'','','','','','0000-00-00 00:00:00','','','','0000-00-00','',3,NULL,'0000-00-00 00:00:00'),
(123,'Saad Al-ghamdi','','','','','','','',87,'','','','','','0000-00-00 00:00:00','','','','0000-00-00','',3,NULL,'0000-00-00 00:00:00'),
(124,'saad Khayat ','','','','','','','',88,'','','','','','0000-00-00 00:00:00','','','','0000-00-00','',3,NULL,'0000-00-00 00:00:00'),
(125,'Yossef alonzo','','','','','','','',89,'','','','','','0000-00-00 00:00:00','','','','0000-00-00','',3,NULL,'0000-00-00 00:00:00'),
(126,'Atif Zouher','','','','','','','',90,'','','','','','0000-00-00 00:00:00','','','','0000-00-00','',3,NULL,'0000-00-00 00:00:00'),
(127,'Mohammed Shat','','','','','','','',91,'','','','','','0000-00-00 00:00:00','','','','0000-00-00','',3,NULL,'0000-00-00 00:00:00'),
(128,'Dr.Monawer','','','','','','','',92,'','','','','','0000-00-00 00:00:00','','','','0000-00-00','',3,NULL,'0000-00-00 00:00:00'),
(129,'Zaher','','','','','','','',93,'','','','','','0000-00-00 00:00:00','','','','0000-00-00','',3,NULL,'0000-00-00 00:00:00'),
(130,'Mohammed Mazhar ','','','','','','','',94,'','','','','','0000-00-00 00:00:00','','','','0000-00-00','',3,NULL,'0000-00-00 00:00:00'),
(131,'Kareem Mtoualy','','','','','','','',95,'','','','','','0000-00-00 00:00:00','','','','0000-00-00','',3,NULL,'0000-00-00 00:00:00'),
(132,'Khalid Al saif','Deputy GM','','','','','','',434,'','21429','Jeddah','KSA','','0000-00-00 00:00:00','','','','0000-00-00','',3,'2012-12-18 17:52:16','0000-00-00 00:00:00'),
(133,'Mohammed Hassan','','','','','','','',97,'','','','','','0000-00-00 00:00:00','','','','0000-00-00','',3,NULL,'0000-00-00 00:00:00'),
(134,'N/A','','','','','','','',98,'','','','','','0000-00-00 00:00:00','','','','0000-00-00','',3,NULL,'0000-00-00 00:00:00'),
(135,'Mr. Majdi Al-sayed','','','','','','','',99,'','','','','','0000-00-00 00:00:00','','','','0000-00-00','',3,NULL,'0000-00-00 00:00:00'),
(136,'N/A','','','','','','','',100,'','','','','','0000-00-00 00:00:00','','','','0000-00-00','',3,NULL,'0000-00-00 00:00:00'),
(137,'N/A','','','','','','','',101,'','','','','','0000-00-00 00:00:00','','','','0000-00-00','',3,NULL,'0000-00-00 00:00:00'),
(138,'Kamal Al-taweel\\Waqar','','','','','','','',102,'','','','','','0000-00-00 00:00:00','','','','0000-00-00','',3,NULL,'0000-00-00 00:00:00'),
(139,'Omar Bakhar','','','','','','','',103,'','','','','','0000-00-00 00:00:00','','','','0000-00-00','',3,NULL,'0000-00-00 00:00:00'),
(140,'N/A','','','','','','','',104,'','','','','','0000-00-00 00:00:00','','','','0000-00-00','',3,NULL,'0000-00-00 00:00:00'),
(141,'N/A','','','','','','','',105,'','','','','','0000-00-00 00:00:00','','','','0000-00-00','',3,NULL,'0000-00-00 00:00:00'),
(142,'Dr.Abdulrahman ymani','','','','','','','',106,'','','','','','0000-00-00 00:00:00','','','','0000-00-00','',3,NULL,'0000-00-00 00:00:00'),
(143,'Mrs.Nada Mohalhal','','','','','','','',107,'','','','','','0000-00-00 00:00:00','','','','0000-00-00','',3,NULL,'0000-00-00 00:00:00'),
(144,'Majdi  Zedan','','','','','','','',108,'','','','','','0000-00-00 00:00:00','','','','0000-00-00','',3,NULL,'0000-00-00 00:00:00'),
(145,'N/A','','','','','','','',109,'','','','','','0000-00-00 00:00:00','','','','0000-00-00','',3,NULL,'0000-00-00 00:00:00'),
(146,'Munir Janabi','','','','','','','',110,'','','','','','0000-00-00 00:00:00','','','','0000-00-00','',3,NULL,'0000-00-00 00:00:00'),
(147,'N/A','','','','','','','',111,'','','','','','0000-00-00 00:00:00','','','','0000-00-00','',3,NULL,'0000-00-00 00:00:00'),
(148,'N/A','','','','','','','',112,'','','','','','0000-00-00 00:00:00','','','','0000-00-00','',3,NULL,'0000-00-00 00:00:00'),
(149,'N/A','','','','','','','',113,'','','','','','0000-00-00 00:00:00','','','','0000-00-00','',3,NULL,'0000-00-00 00:00:00'),
(150,'Jabbal','','','','','','','',100,'','','','','','0000-00-00 00:00:00','','','','0000-00-00','',6,NULL,'0000-00-00 00:00:00'),
(151,'Khalid Y. Bin Mahfooz','','','','','','','',115,'','','','','','0000-00-00 00:00:00','','','','0000-00-00','',3,NULL,'0000-00-00 00:00:00'),
(152,'Abdullah Al- Safi \\Ameer Al-remaoy','','','','','','','',116,'','','','','','0000-00-00 00:00:00','','','','0000-00-00','',3,NULL,'0000-00-00 00:00:00'),
(153,'Khurram Jalaluddin\\Hatim  AL-amoudi','','','','','','','',117,'','','','','','0000-00-00 00:00:00','','','','0000-00-00','',3,NULL,'0000-00-00 00:00:00'),
(154,'N/A','','','','','','','',118,'','','','','','0000-00-00 00:00:00','','','','0000-00-00','',3,NULL,'0000-00-00 00:00:00'),
(155,'N/A','','','','','','','',119,'','','','','','0000-00-00 00:00:00','','','','0000-00-00','',3,NULL,'0000-00-00 00:00:00'),
(156,'Saleem Bahoumed','','','','','','','',120,'','','','','','0000-00-00 00:00:00','','','','0000-00-00','',3,NULL,'0000-00-00 00:00:00'),
(157,'Essam Al-ashraf','','','','','','','',121,'','','','','','0000-00-00 00:00:00','','','','0000-00-00','',3,NULL,'0000-00-00 00:00:00'),
(158,'Sameer ','','','','','','','',122,'','','','','','0000-00-00 00:00:00','','','','0000-00-00','',3,NULL,'0000-00-00 00:00:00'),
(159,'Khairy Kabbani','','','','','','','',123,'','','','','','0000-00-00 00:00:00','','','','0000-00-00','',3,NULL,'0000-00-00 00:00:00'),
(160,'Fouad al-Bireh','','','','','','','',124,'','','','','','0000-00-00 00:00:00','','','','0000-00-00','',3,NULL,'0000-00-00 00:00:00'),
(161,'Dr.Tareq Al-akeel','','','','','','','',125,'','','','','','0000-00-00 00:00:00','','','','0000-00-00','',3,NULL,'0000-00-00 00:00:00'),
(162,'Nmier Kenawy','','','','','','','',126,'','','','','','0000-00-00 00:00:00','','','','0000-00-00','',3,NULL,'0000-00-00 00:00:00'),
(163,'Khalid sabaq','','','','','','','',127,'','','','','','0000-00-00 00:00:00','','','','0000-00-00','',3,NULL,'0000-00-00 00:00:00'),
(164,'N/A','','','','','','','',128,'','','','','','0000-00-00 00:00:00','','','','0000-00-00','',3,NULL,'0000-00-00 00:00:00'),
(165,'Mohammed Mnwati','','','','','','','',129,'','','','','','0000-00-00 00:00:00','','','','0000-00-00','',3,NULL,'0000-00-00 00:00:00'),
(166,'Osama Hashen','','','','','','','',130,'','','','','','0000-00-00 00:00:00','','','','0000-00-00','',3,NULL,'0000-00-00 00:00:00'),
(167,'N/A','','','','','','','',131,'','','','','','0000-00-00 00:00:00','','','','0000-00-00','',3,NULL,'0000-00-00 00:00:00'),
(168,'Mohammed Kurdiyah','','','','','','','',132,'','','','','','0000-00-00 00:00:00','','','','0000-00-00','',3,NULL,'0000-00-00 00:00:00'),
(169,'Ahmed Sabri','','','','','','','',133,'','','','','','0000-00-00 00:00:00','','','','0000-00-00','',3,NULL,'0000-00-00 00:00:00'),
(170,'Samer Al-Zahrani','','','','','','','',134,'','','','','','0000-00-00 00:00:00','','','','0000-00-00','',3,NULL,'0000-00-00 00:00:00'),
(171,'N/A','','','','','','','',135,'','','','','','0000-00-00 00:00:00','','','','0000-00-00','',3,NULL,'0000-00-00 00:00:00'),
(172,'N/A','','','','','','','',136,'','','','','','0000-00-00 00:00:00','','','','0000-00-00','',3,NULL,'0000-00-00 00:00:00'),
(173,'Samira Bitaar','','','','','','','',137,'','','','','','0000-00-00 00:00:00','','','','0000-00-00','',3,NULL,'0000-00-00 00:00:00'),
(174,'sulaiman Hanifa','','','','','','','',138,'','','','','','0000-00-00 00:00:00','','','','0000-00-00','',3,NULL,'0000-00-00 00:00:00'),
(175,'Al-mountaser Al-mourad','','','','','','','',139,'','','','','','0000-00-00 00:00:00','','','','0000-00-00','',3,NULL,'0000-00-00 00:00:00'),
(176,'N/A','','','','','','','',140,'','','','','','0000-00-00 00:00:00','','','','0000-00-00','',3,NULL,'0000-00-00 00:00:00'),
(177,'Eslam sherppy','','','','','','','',141,'','','','','','0000-00-00 00:00:00','','','','0000-00-00','',3,NULL,'0000-00-00 00:00:00'),
(178,'Osama Al-nasser','','','','','','','',142,'','','','','','0000-00-00 00:00:00','','','','0000-00-00','',3,NULL,'0000-00-00 00:00:00'),
(179,'Abdulaziz Al-Nasser','','','','','','','',143,'','','','','','0000-00-00 00:00:00','','','','0000-00-00','',3,NULL,'0000-00-00 00:00:00'),
(180,'N/A','','','','','','','',144,'','','','','','0000-00-00 00:00:00','','','','0000-00-00','',3,NULL,'0000-00-00 00:00:00'),
(181,'Haitham Dorah ','','','','','','','',145,'','','','','','0000-00-00 00:00:00','','','','0000-00-00','',3,NULL,'0000-00-00 00:00:00'),
(182,'N/A','','','','','','','',146,'','','','','','0000-00-00 00:00:00','','','','0000-00-00','',3,NULL,'0000-00-00 00:00:00'),
(183,'N/A','','','','','','','',147,'','','','','','0000-00-00 00:00:00','','','','0000-00-00','',3,NULL,'0000-00-00 00:00:00'),
(184,'Adnan Hasounah','','','','','','','',148,'','','','','','0000-00-00 00:00:00','','','','0000-00-00','',3,NULL,'0000-00-00 00:00:00'),
(185,'Ragheed','','','','','','','',149,'','','','','','0000-00-00 00:00:00','','','','0000-00-00','',3,NULL,'0000-00-00 00:00:00'),
(186,'Abdul Qadir Aziz Khan','','','','','','','',150,'','','','','','0000-00-00 00:00:00','','','','0000-00-00','',3,NULL,'0000-00-00 00:00:00'),
(187,'Hussein Al- Rashid','','','','','','','',151,'','','','','','0000-00-00 00:00:00','','','','0000-00-00','',3,NULL,'0000-00-00 00:00:00'),
(188,'Ebrahim Al-Jaard','','','','','','','',152,'','','','','','0000-00-00 00:00:00','','','','0000-00-00','',3,NULL,'0000-00-00 00:00:00'),
(189,'AbdulJalil Amr','','','','','','','',153,'','','','','','0000-00-00 00:00:00','','','','0000-00-00','',3,NULL,'0000-00-00 00:00:00'),
(190,'Fhad Torkistani','','','','','','','',154,'','','','','','0000-00-00 00:00:00','','','','0000-00-00','',3,NULL,'0000-00-00 00:00:00'),
(191,'N/A','','','','','','','',155,'','','','','','0000-00-00 00:00:00','','','','0000-00-00','',3,NULL,'0000-00-00 00:00:00'),
(192,'Khalid Al-dweik','','','','','','','',156,'','','','','','0000-00-00 00:00:00','','','','0000-00-00','',3,NULL,'0000-00-00 00:00:00'),
(193,'AbdulKader al-Zubeidi','','','','','','','',157,'','','','','','0000-00-00 00:00:00','','','','0000-00-00','',3,NULL,'0000-00-00 00:00:00'),
(194,'Eng. Abdulrahman Al-Garni','','','','','','','',158,'','','','','','0000-00-00 00:00:00','','','','0000-00-00','',3,NULL,'0000-00-00 00:00:00'),
(195,'Samir Hafiz','','','','','','','',159,'','','','','','0000-00-00 00:00:00','','','','0000-00-00','',3,NULL,'0000-00-00 00:00:00'),
(196,'Fahd al Fahal','','','','','','','',160,'','','','','','0000-00-00 00:00:00','','','','0000-00-00','',3,NULL,'0000-00-00 00:00:00'),
(197,'Hamad Aljaoini','','','','','','','',161,'','','','','','0000-00-00 00:00:00','','','','0000-00-00','',3,NULL,'0000-00-00 00:00:00'),
(198,'Sultan Husseinieh','','','','','','','',162,'','','','','','0000-00-00 00:00:00','','','','0000-00-00','',3,NULL,'0000-00-00 00:00:00'),
(199,'Jamal Al-Shami','','','','','','','',163,'','','','','','0000-00-00 00:00:00','','','','0000-00-00','',3,NULL,'0000-00-00 00:00:00'),
(200,'Abdulmohsen Alyoubi','','','','','','','',164,'','','','','','0000-00-00 00:00:00','','','','0000-00-00','',3,NULL,'0000-00-00 00:00:00'),
(201,'Mohammed Al-zetoun','','','','','','','',165,'','','','','','0000-00-00 00:00:00','','','','0000-00-00','',3,NULL,'0000-00-00 00:00:00'),
(202,'Eng.Afif Shami','','','','','','','',166,'','','','','','0000-00-00 00:00:00','','','','0000-00-00','',3,NULL,'0000-00-00 00:00:00'),
(203,'Hassan Balubaid','','','','','','','',167,'','','','','','0000-00-00 00:00:00','','','','0000-00-00','',3,NULL,'0000-00-00 00:00:00'),
(204,'N/A','','','','','','','',168,'','','','','','0000-00-00 00:00:00','','','','0000-00-00','',3,NULL,'0000-00-00 00:00:00'),
(205,'Munir Al-Awad','','','','','','','',169,'','','','','','0000-00-00 00:00:00','','','','0000-00-00','',3,NULL,'0000-00-00 00:00:00'),
(206,'N/A','','','','','','','',170,'','','','','','0000-00-00 00:00:00','','','','0000-00-00','',3,NULL,'0000-00-00 00:00:00'),
(207,'N/A','','','','','','','',171,'','','','','','0000-00-00 00:00:00','','','','0000-00-00','',3,NULL,'0000-00-00 00:00:00'),
(208,'N/A','','','','','','','',172,'','','','','','0000-00-00 00:00:00','','','','0000-00-00','',3,NULL,'0000-00-00 00:00:00'),
(209,'Eng. Abdulqadir Marouf','','','','','','','',173,'','','','','','0000-00-00 00:00:00','','','','0000-00-00','',3,NULL,'0000-00-00 00:00:00'),
(210,'eng. Mansoor Khawaja ','','','','','','','',174,'','','','','','0000-00-00 00:00:00','','','','0000-00-00','',3,NULL,'0000-00-00 00:00:00'),
(211,'Kamal Yashar','','','','','','','',175,'','','','','','0000-00-00 00:00:00','','','','0000-00-00','',3,NULL,'0000-00-00 00:00:00'),
(212,'Mohammed Saad','','','','','','','',176,'','','','','','0000-00-00 00:00:00','','','','0000-00-00','',3,NULL,'0000-00-00 00:00:00'),
(213,'Ayman Saleh','','','','','','','',177,'','','','','','0000-00-00 00:00:00','','','','0000-00-00','',3,NULL,'0000-00-00 00:00:00'),
(214,'Mohammed Faraj','','','','','','','',178,'','','','','','0000-00-00 00:00:00','','','','0000-00-00','',3,NULL,'0000-00-00 00:00:00'),
(215,'Salim Bin Hendi','','','','','','','',179,'','','','','','0000-00-00 00:00:00','','','','0000-00-00','',3,NULL,'0000-00-00 00:00:00'),
(216,'Abdul Hamid Malki','','','','','','','',180,'','','','','','0000-00-00 00:00:00','','','','0000-00-00','',3,NULL,'0000-00-00 00:00:00'),
(217,'Alaa Saqr','','','','','','','',181,'','','','','','0000-00-00 00:00:00','','','','0000-00-00','',3,NULL,'0000-00-00 00:00:00'),
(218,'Mohammed Khatib','','','','','','','',182,'','','','','','0000-00-00 00:00:00','','','','0000-00-00','',3,NULL,'0000-00-00 00:00:00'),
(219,'Sobhi Batterjee','','','','','','','',183,'','','','','','0000-00-00 00:00:00','','','','0000-00-00','',3,NULL,'0000-00-00 00:00:00'),
(220,'Eng. Nabil Hajjaj','','','','','','','',184,'','','','','','0000-00-00 00:00:00','','','','0000-00-00','',3,NULL,'0000-00-00 00:00:00'),
(221,'Mohammed ALAIDEROOS','','','','','','','',185,'','','','','','0000-00-00 00:00:00','','','','0000-00-00','',3,NULL,'0000-00-00 00:00:00'),
(222,'Mazen Al-sayeed ','','','','','','','',186,'','','','','','0000-00-00 00:00:00','','','','0000-00-00','',3,NULL,'0000-00-00 00:00:00'),
(223,'Abdulmoneem Kwjah','','','','','','','',187,'','','','','','0000-00-00 00:00:00','','','','0000-00-00','',3,NULL,'0000-00-00 00:00:00'),
(224,'Dr. Bassam M. Elmadhon','','','','','','','',188,'','','','','','0000-00-00 00:00:00','','','','0000-00-00','',3,NULL,'0000-00-00 00:00:00'),
(225,'Khalid A. Al Gethmi','','','','','','','',189,'','','','','','0000-00-00 00:00:00','','','','0000-00-00','',3,NULL,'0000-00-00 00:00:00'),
(226,'Simon Chammas','','','','','','','',190,'','','','','','0000-00-00 00:00:00','','','','0000-00-00','',3,NULL,'0000-00-00 00:00:00'),
(227,'Jan Heller','Business Development Manager','','','','','','',191,'116105','21391','Jeddah','Saudi Arabia','Medical','2011-01-08 11:51:05','Not Sure','','General','0000-00-00','',3,'2011-01-08 11:50:19','0000-00-00 00:00:00'),
(228,'Maurece Rebhan','','','','','','','',191,'','','','','','0000-00-00 00:00:00','','','','0000-00-00','',3,NULL,'0000-00-00 00:00:00'),
(229,'Hawazen Abduljalil','','','','','','','',192,'','','','','','0000-00-00 00:00:00','','','','0000-00-00','',3,NULL,'0000-00-00 00:00:00'),
(230,'Hisham A .Al Assal','','','','','','','',193,'','','','','','0000-00-00 00:00:00','','','','0000-00-00','',3,NULL,'0000-00-00 00:00:00'),
(231,'Ra\'ed Abdulrazeq','','','','','','','',194,'','','','','','0000-00-00 00:00:00','','','','0000-00-00','',3,NULL,'0000-00-00 00:00:00'),
(232,'Diab Noureddine','','','','','','','',195,'','','','','','0000-00-00 00:00:00','','','','0000-00-00','',3,NULL,'0000-00-00 00:00:00'),
(233,'Mishari flimban\\Hameed ','','','','','','','',196,'','','','','','0000-00-00 00:00:00','','','','0000-00-00','',3,NULL,'0000-00-00 00:00:00'),
(234,'Omar Kanfash','','','','','','','',197,'','','','','','0000-00-00 00:00:00','','','','0000-00-00','',3,NULL,'0000-00-00 00:00:00'),
(235,'Omar Al Sabaan','','','','','','','',198,'','','','','','0000-00-00 00:00:00','','','','0000-00-00','',3,NULL,'0000-00-00 00:00:00'),
(236,'Ahmad Al Shikh','','','','','','','',199,'','','','','','0000-00-00 00:00:00','','','','0000-00-00','',3,NULL,'0000-00-00 00:00:00'),
(237,'Mohammed S.Zeyadah','','','','','','','',200,'27195','11417','Riyadh','Saudi Arabia','','0000-00-00 00:00:00','','','','2009-09-11','',3,NULL,'0000-00-00 00:00:00'),
(238,'Nahar Yussri Ashram','','','','','','','',201,'','','','','','0000-00-00 00:00:00','','','','2009-09-11','',3,NULL,'0000-00-00 00:00:00'),
(239,'Bader A. Al-Mohimeed','','','','','','','',202,'','','','','','0000-00-00 00:00:00','','','','2009-09-11','',3,NULL,'0000-00-00 00:00:00'),
(240,'Omar Mobarl Bawaled','','','','','','','',203,'','','','','','0000-00-00 00:00:00','','','','2009-09-11','',3,NULL,'0000-00-00 00:00:00'),
(241,'Mohammad Bilal Antar','','','','','','','',204,'','','','','','0000-00-00 00:00:00','','','','2009-09-11','',3,NULL,'0000-00-00 00:00:00'),
(242,'Mohammed A. M. Nasser','','','','','','','',205,'','','','','','0000-00-00 00:00:00','','','','2009-09-11','',3,NULL,'0000-00-00 00:00:00'),
(243,'Mohammed A. M. Nasser','','','','','','','',206,'','','','','','0000-00-00 00:00:00','','','','2009-09-11','',3,NULL,'0000-00-00 00:00:00'),
(244,'Mohammed Al Aqwari','','','','','','','',207,'','','','','','0000-00-00 00:00:00','','','','2009-09-11','',3,NULL,'0000-00-00 00:00:00'),
(246,'Nasser Abdullhadi','','','','','','','',208,'','','','','','0000-00-00 00:00:00','','','','2009-09-11','',3,NULL,'0000-00-00 00:00:00'),
(247,'Fekri J.Mohammed Ismail','','','','','','','',209,'','','','','','0000-00-00 00:00:00','','','','2009-09-11','',3,NULL,'0000-00-00 00:00:00'),
(248,'Eng.Ahmed jalal','','','','','','','',210,'','','','','','0000-00-00 00:00:00','','','','0000-00-00','',3,NULL,'0000-00-00 00:00:00'),
(249,'Mohammed S.Mohamed','','','','','','','',211,'','','','','','0000-00-00 00:00:00','','','','2009-09-11','',3,NULL,'0000-00-00 00:00:00'),
(250,'Zaim H. Lahji','','','','','','','',212,'','','','','','0000-00-00 00:00:00','','','','2009-09-11','',3,NULL,'0000-00-00 00:00:00'),
(251,'Mohammed Bouras','','','','','','','',213,'','','','','','0000-00-00 00:00:00','','','','2009-09-11','',3,NULL,'0000-00-00 00:00:00'),
(252,'S.Andrew.Rohan','','','','','','','',214,'','','','','','0000-00-00 00:00:00','','','','0000-00-00','',3,NULL,'0000-00-00 00:00:00'),
(253,'Mohammed I. Al-Jared','','','','','','','',215,'6357','21442','Jeddah','Saudi Arabia','','0000-00-00 00:00:00','','','','2009-09-11','',3,NULL,'0000-00-00 00:00:00'),
(254,'Mahmoud Ammar','','','','','','','',216,'','','','','','0000-00-00 00:00:00','','','','2009-09-11','',3,NULL,'0000-00-00 00:00:00'),
(255,'N/A','','','','','','','',217,'','','','','','0000-00-00 00:00:00','','','','0000-00-00','',3,NULL,'0000-00-00 00:00:00'),
(256,'N/A','','','','','','','',218,'','','','','','0000-00-00 00:00:00','','','','0000-00-00','',3,NULL,'0000-00-00 00:00:00'),
(257,'N/A','','','','','','','',219,'','','','','','0000-00-00 00:00:00','','','','0000-00-00','',3,NULL,'0000-00-00 00:00:00'),
(258,'N/A','','','','','','','',220,'','','','','','0000-00-00 00:00:00','','','','0000-00-00','',3,NULL,'0000-00-00 00:00:00'),
(259,'N/A','','','','','','','',221,'','','','','','0000-00-00 00:00:00','','','','0000-00-00','',3,NULL,'0000-00-00 00:00:00'),
(260,'N/A','','','','','','','',222,'','','','','','0000-00-00 00:00:00','','','','0000-00-00','',3,NULL,'0000-00-00 00:00:00'),
(261,'N/A','','','','','','','',223,'','','','','','0000-00-00 00:00:00','','','','0000-00-00','',3,NULL,'0000-00-00 00:00:00'),
(262,'N/A','','','','','','','',224,'','','','','','0000-00-00 00:00:00','','','','0000-00-00','',3,NULL,'0000-00-00 00:00:00'),
(263,'N/A','','','','','','','',225,'','','','','','0000-00-00 00:00:00','','','','0000-00-00','',3,NULL,'0000-00-00 00:00:00'),
(264,'N/A','','','','','','','',226,'','','','','','0000-00-00 00:00:00','','','','0000-00-00','',3,NULL,'0000-00-00 00:00:00'),
(265,'N/A','','','','','','','',227,'','','','','','0000-00-00 00:00:00','','','','0000-00-00','',3,NULL,'0000-00-00 00:00:00'),
(266,'N/A','','','','','','','',226,'','','','','','0000-00-00 00:00:00','','','','0000-00-00','',3,NULL,'0000-00-00 00:00:00'),
(267,'N/A','','','','','','','',228,'','','','','','0000-00-00 00:00:00','','','','0000-00-00','',3,NULL,'0000-00-00 00:00:00'),
(268,'N/A','','','','','','','',229,'','','','','','0000-00-00 00:00:00','','','','0000-00-00','',3,NULL,'0000-00-00 00:00:00'),
(269,'N/A','','','','','','','',227,'','','','','','0000-00-00 00:00:00','','','','0000-00-00','',3,NULL,'0000-00-00 00:00:00'),
(270,'N/A','','','','','','','',228,'','','','','','0000-00-00 00:00:00','','','','0000-00-00','',3,NULL,'0000-00-00 00:00:00'),
(271,'N/A','','','','','','','',230,'','','','','','0000-00-00 00:00:00','','','','0000-00-00','',3,NULL,'0000-00-00 00:00:00'),
(272,'N/A','','','','','','','',231,'','','','','','0000-00-00 00:00:00','','','','0000-00-00','',3,NULL,'0000-00-00 00:00:00'),
(273,'N/A','','','','','','','',232,'','','','','','0000-00-00 00:00:00','','','','0000-00-00','',3,NULL,'0000-00-00 00:00:00'),
(274,'N/A','','','','','','','',233,'','','','','','0000-00-00 00:00:00','','','','0000-00-00','',3,NULL,'0000-00-00 00:00:00'),
(275,'N/A','','','','','','','',234,'','','','','','0000-00-00 00:00:00','','','','0000-00-00','',3,NULL,'0000-00-00 00:00:00'),
(276,'N/A','','','','','','','',235,'','','','','','0000-00-00 00:00:00','','','','0000-00-00','',3,NULL,'0000-00-00 00:00:00'),
(277,'N/A','','','','','','','',236,'','','','','','0000-00-00 00:00:00','','','','0000-00-00','',3,NULL,'0000-00-00 00:00:00'),
(278,'N/A','','','','','','','',237,'','','','','','0000-00-00 00:00:00','','','','0000-00-00','',3,NULL,'0000-00-00 00:00:00'),
(279,'N/A','','','','','','','',238,'','','','','','0000-00-00 00:00:00','','','','0000-00-00','',3,NULL,'0000-00-00 00:00:00'),
(280,'N/A','','','','','','','',239,'','','','','','0000-00-00 00:00:00','','','','0000-00-00','',3,NULL,'0000-00-00 00:00:00'),
(281,'N/A','','','','','','','',240,'','','','','','0000-00-00 00:00:00','','','','0000-00-00','',3,NULL,'0000-00-00 00:00:00'),
(282,'N/A','','','','','','','',241,'','','','','','0000-00-00 00:00:00','','','','0000-00-00','',3,NULL,'0000-00-00 00:00:00'),
(283,'N/A','','','','','','','',242,'','','','','','0000-00-00 00:00:00','','','','0000-00-00','',3,NULL,'0000-00-00 00:00:00'),
(284,'N/A','','','','','','','',243,'','','','','','0000-00-00 00:00:00','','','','0000-00-00','',3,NULL,'0000-00-00 00:00:00'),
(285,'N/A','','','','','','','',244,'','','','','','0000-00-00 00:00:00','','','','0000-00-00','',3,NULL,'0000-00-00 00:00:00'),
(286,'N/A','','','','','','','',245,'','','','','','0000-00-00 00:00:00','','','','0000-00-00','',3,NULL,'0000-00-00 00:00:00'),
(287,'N/A','','','','','','','',241,'','','','','','0000-00-00 00:00:00','','','','0000-00-00','',3,NULL,'0000-00-00 00:00:00'),
(288,'N/A','','','','','','','',246,'','','','','','0000-00-00 00:00:00','','','','0000-00-00','',3,NULL,'0000-00-00 00:00:00'),
(289,'N/A','','','','','','','',247,'','','','','','0000-00-00 00:00:00','','','','0000-00-00','',3,NULL,'0000-00-00 00:00:00'),
(290,'N/A','','','','','','','',248,'','','','','','0000-00-00 00:00:00','','','','0000-00-00','',3,NULL,'0000-00-00 00:00:00'),
(291,'N/A','','','','','','','',248,'','','','','','0000-00-00 00:00:00','','','','0000-00-00','',3,NULL,'0000-00-00 00:00:00'),
(292,'N/A','','','','','','','',249,'','','','','','0000-00-00 00:00:00','','','','0000-00-00','',3,NULL,'0000-00-00 00:00:00'),
(293,'N/A','','','','','','','',236,'','','','','','0000-00-00 00:00:00','','','','0000-00-00','',3,NULL,'0000-00-00 00:00:00'),
(294,'N/A','','','','','','','',250,'','','','','','0000-00-00 00:00:00','','','','0000-00-00','',3,NULL,'0000-00-00 00:00:00'),
(295,'N/A','','','','','','','',251,'','','','','','0000-00-00 00:00:00','','','','0000-00-00','',3,NULL,'0000-00-00 00:00:00'),
(296,'N/A','','','','','','','',252,'','','','','','0000-00-00 00:00:00','','','','0000-00-00','',3,NULL,'0000-00-00 00:00:00'),
(297,'N/A','','','','','','','',253,'','','','','','0000-00-00 00:00:00','','','','0000-00-00','',3,NULL,'0000-00-00 00:00:00'),
(298,'N/A','','','','','','','',254,'','','','','','0000-00-00 00:00:00','','','','0000-00-00','',3,NULL,'0000-00-00 00:00:00'),
(299,'N/A','','','','','','','',255,'','','','','','0000-00-00 00:00:00','','','','0000-00-00','',3,NULL,'0000-00-00 00:00:00'),
(300,'N/A','','','','','','','',256,'','','','','','0000-00-00 00:00:00','','','','0000-00-00','',3,NULL,'0000-00-00 00:00:00'),
(301,'N/A','','','','','','','',257,'','','','','','0000-00-00 00:00:00','','','','0000-00-00','',3,NULL,'0000-00-00 00:00:00'),
(302,'N/A','','','','','','','',258,'','','','','','0000-00-00 00:00:00','','','','0000-00-00','',3,NULL,'0000-00-00 00:00:00'),
(303,'N/A','','','','','','','',259,'','','','','','0000-00-00 00:00:00','','','','0000-00-00','',3,NULL,'0000-00-00 00:00:00'),
(304,'N/A','','','','','','','',260,'','','','','','0000-00-00 00:00:00','','','','0000-00-00','',3,NULL,'0000-00-00 00:00:00'),
(305,'N/A','','','','','','','',261,'','','','','','0000-00-00 00:00:00','','','','0000-00-00','',3,NULL,'0000-00-00 00:00:00'),
(306,'N/A','','','','','','','',262,'','','','','','0000-00-00 00:00:00','','','','0000-00-00','',3,NULL,'0000-00-00 00:00:00'),
(307,'N/A','','','','','','','',263,'','','','','','0000-00-00 00:00:00','','','','0000-00-00','',3,NULL,'0000-00-00 00:00:00'),
(308,'N/A','','','','','','','',264,'','','','','','0000-00-00 00:00:00','','','','0000-00-00','',3,NULL,'0000-00-00 00:00:00'),
(309,'N/A','','','','','','','',265,'','','','','','0000-00-00 00:00:00','','','','0000-00-00','',3,NULL,'0000-00-00 00:00:00'),
(310,'N/A','','','','','','','',266,'','','','','','0000-00-00 00:00:00','','','','0000-00-00','',3,NULL,'0000-00-00 00:00:00'),
(311,'N/A','','','','','','','',267,'','','','','','0000-00-00 00:00:00','','','','0000-00-00','',3,NULL,'0000-00-00 00:00:00'),
(312,'N/A','','','','','','','',268,'','','','','','0000-00-00 00:00:00','','','','0000-00-00','',3,NULL,'0000-00-00 00:00:00'),
(313,'N/A','','','','','','','',269,'','','','','','0000-00-00 00:00:00','','','','0000-00-00','',3,NULL,'0000-00-00 00:00:00'),
(314,'N/A','','','','','','','',270,'','','','','','0000-00-00 00:00:00','','','','0000-00-00','',3,NULL,'0000-00-00 00:00:00'),
(315,'N/A','','','','','','','',271,'','','','','','0000-00-00 00:00:00','','','','0000-00-00','',3,NULL,'0000-00-00 00:00:00'),
(316,'N/A','','','','','','','',272,'','','','','','0000-00-00 00:00:00','','','','0000-00-00','',3,NULL,'0000-00-00 00:00:00'),
(317,'N/A','','','','','','','',273,'','','','','','0000-00-00 00:00:00','','','','0000-00-00','',3,NULL,'0000-00-00 00:00:00'),
(318,'N/A','','','','','','','',274,'','','','','','0000-00-00 00:00:00','','','','0000-00-00','',3,NULL,'0000-00-00 00:00:00'),
(319,'N/A','','','','','','','',275,'','','','','','0000-00-00 00:00:00','','','','0000-00-00','',3,NULL,'0000-00-00 00:00:00'),
(320,'N/A','','','','','','','',276,'','','','','','0000-00-00 00:00:00','','','','0000-00-00','',3,NULL,'0000-00-00 00:00:00'),
(321,'N/A','','','','','','','',277,'','','','','','0000-00-00 00:00:00','','','','0000-00-00','',3,NULL,'0000-00-00 00:00:00'),
(322,'N/A','','','','','','','',278,'','','','','','0000-00-00 00:00:00','','','','0000-00-00','',3,NULL,'0000-00-00 00:00:00'),
(323,'N/A','','','','','','','',278,'','','','','','0000-00-00 00:00:00','','','','0000-00-00','',3,NULL,'0000-00-00 00:00:00'),
(324,'N/A','','','','','','','',279,'','','','','','0000-00-00 00:00:00','','','','0000-00-00','',3,NULL,'0000-00-00 00:00:00'),
(325,'N/A','','','','','','','',280,'','','','','','0000-00-00 00:00:00','','','','0000-00-00','',3,NULL,'0000-00-00 00:00:00'),
(326,'N/A','','','','','','','',281,'','','','','','0000-00-00 00:00:00','','','','0000-00-00','',3,NULL,'0000-00-00 00:00:00'),
(327,'N/A','','','','','','','',282,'','','','','','0000-00-00 00:00:00','','','','0000-00-00','',3,NULL,'0000-00-00 00:00:00'),
(328,'N/A','','','','','','','',283,'','','','','','0000-00-00 00:00:00','','','','0000-00-00','',3,NULL,'0000-00-00 00:00:00'),
(329,'N/A','','','','','','','',284,'','','','','','0000-00-00 00:00:00','','','','0000-00-00','',3,NULL,'0000-00-00 00:00:00'),
(330,'N/A','','','','','','','',285,'','','','','','0000-00-00 00:00:00','','','','0000-00-00','',3,NULL,'0000-00-00 00:00:00'),
(331,'N/A','','','','','','','',286,'','','','','','0000-00-00 00:00:00','','','','0000-00-00','',3,NULL,'0000-00-00 00:00:00'),
(332,'N/A','','','','','','','',287,'','','','','','0000-00-00 00:00:00','','','','0000-00-00','',3,NULL,'0000-00-00 00:00:00'),
(333,'N/A','','','','','','','',288,'','','','','','0000-00-00 00:00:00','','','','0000-00-00','',3,NULL,'0000-00-00 00:00:00'),
(334,'N/A','','','','','','','',289,'','','','','','0000-00-00 00:00:00','','','','0000-00-00','',3,NULL,'0000-00-00 00:00:00'),
(335,'N/A','','','','','','','',290,'','','','','','0000-00-00 00:00:00','','','','0000-00-00','',3,NULL,'0000-00-00 00:00:00'),
(336,'N/A','','','','','','','',251,'','','','','','0000-00-00 00:00:00','','','','0000-00-00','',3,NULL,'0000-00-00 00:00:00'),
(337,'N/A','','','','','','','',252,'','','','','','0000-00-00 00:00:00','','','','0000-00-00','',3,NULL,'0000-00-00 00:00:00'),
(338,'N/A','','','','','','','',253,'','','','','','0000-00-00 00:00:00','','','','0000-00-00','',3,NULL,'0000-00-00 00:00:00'),
(339,'N/A','','','','','','','',254,'','','','','','0000-00-00 00:00:00','','','','0000-00-00','',3,NULL,'0000-00-00 00:00:00'),
(340,'N/A','','','','','','','',291,'','','','','','0000-00-00 00:00:00','','','','0000-00-00','',3,NULL,'0000-00-00 00:00:00'),
(341,'N/A','','','','','','','',261,'','','','','','0000-00-00 00:00:00','','','','0000-00-00','',3,NULL,'0000-00-00 00:00:00'),
(342,'N/A','','','','','','','',262,'','','','','','0000-00-00 00:00:00','','','','0000-00-00','',3,NULL,'0000-00-00 00:00:00'),
(343,'N/A','','','','','','','',255,'','','','','','0000-00-00 00:00:00','','','','0000-00-00','',3,NULL,'0000-00-00 00:00:00'),
(344,'N/A','','','','','','','',256,'','','','','','0000-00-00 00:00:00','','','','0000-00-00','',3,NULL,'0000-00-00 00:00:00'),
(345,'N/A','','','','','','','',257,'','','','','','0000-00-00 00:00:00','','','','0000-00-00','',3,NULL,'0000-00-00 00:00:00'),
(346,'N/A','','','','','','','',258,'','','','','','0000-00-00 00:00:00','','','','0000-00-00','',3,NULL,'0000-00-00 00:00:00'),
(347,'N/A','','','','','','','',259,'','','','','','0000-00-00 00:00:00','','','','0000-00-00','',3,NULL,'0000-00-00 00:00:00'),
(348,'N/A','','','','','','','',260,'','','','','','0000-00-00 00:00:00','','','','0000-00-00','',3,NULL,'0000-00-00 00:00:00'),
(349,'N/A','','','','','','','',263,'','','','','','0000-00-00 00:00:00','','','','0000-00-00','',3,NULL,'0000-00-00 00:00:00'),
(350,'N/A','','','','','','','',264,'','','','','','0000-00-00 00:00:00','','','','0000-00-00','',3,NULL,'0000-00-00 00:00:00'),
(351,'N/A','','','','','','','',265,'','','','','','0000-00-00 00:00:00','','','','0000-00-00','',3,NULL,'0000-00-00 00:00:00'),
(352,'N/A','','','','','','','',266,'','','','','','0000-00-00 00:00:00','','','','0000-00-00','',3,NULL,'0000-00-00 00:00:00'),
(353,'N/A','','','','','','','',267,'','','','','','0000-00-00 00:00:00','','','','0000-00-00','',3,NULL,'0000-00-00 00:00:00'),
(354,'N/A','','','','','','','',268,'','','','','','0000-00-00 00:00:00','','','','0000-00-00','',3,NULL,'0000-00-00 00:00:00'),
(355,'N/A','','','','','','','',269,'','','','','','0000-00-00 00:00:00','','','','0000-00-00','',3,NULL,'0000-00-00 00:00:00'),
(356,'N/A','','','','','','','',270,'','','','','','0000-00-00 00:00:00','','','','0000-00-00','',3,NULL,'0000-00-00 00:00:00'),
(357,'N/A','','','','','','','',271,'','','','','','0000-00-00 00:00:00','','','','0000-00-00','',3,NULL,'0000-00-00 00:00:00'),
(358,'N/A','','','','','','','',272,'','','','','','0000-00-00 00:00:00','','','','0000-00-00','',3,NULL,'0000-00-00 00:00:00'),
(359,'N/A','','','','','','','',273,'','','','','','0000-00-00 00:00:00','','','','0000-00-00','',3,NULL,'0000-00-00 00:00:00'),
(360,'N/A','','','','','','','',274,'','','','','','0000-00-00 00:00:00','','','','0000-00-00','',3,NULL,'0000-00-00 00:00:00'),
(361,'N/A','','','','','','','',275,'','','','','','0000-00-00 00:00:00','','','','0000-00-00','',3,NULL,'0000-00-00 00:00:00'),
(362,'N/A','','','','','','','',276,'','','','','','0000-00-00 00:00:00','','','','0000-00-00','',3,NULL,'0000-00-00 00:00:00'),
(363,'N/A','','','','','','','',277,'','','','','','0000-00-00 00:00:00','','','','0000-00-00','',3,NULL,'0000-00-00 00:00:00'),
(364,'N/A','','','','','','','',278,'','','','','','0000-00-00 00:00:00','','','','0000-00-00','',3,NULL,'0000-00-00 00:00:00'),
(365,'N/A','','','','','','','',278,'','','','','','0000-00-00 00:00:00','','','','0000-00-00','',3,NULL,'0000-00-00 00:00:00'),
(366,'N/A','','','','','','','',279,'','','','','','0000-00-00 00:00:00','','','','0000-00-00','',3,NULL,'0000-00-00 00:00:00'),
(367,'N/A','','','','','','','',280,'','','','','','0000-00-00 00:00:00','','','','0000-00-00','',3,NULL,'0000-00-00 00:00:00'),
(368,'N/A','','','','','','','',281,'','','','','','0000-00-00 00:00:00','','','','0000-00-00','',3,NULL,'0000-00-00 00:00:00'),
(369,'N/A','','','','','','','',282,'','','','','','0000-00-00 00:00:00','','','','0000-00-00','',3,NULL,'0000-00-00 00:00:00'),
(370,'N/A','','','','','','','',283,'','','','','','0000-00-00 00:00:00','','','','0000-00-00','',3,NULL,'0000-00-00 00:00:00'),
(371,'N/A','','','','','','','',284,'','','','','','0000-00-00 00:00:00','','','','0000-00-00','',3,NULL,'0000-00-00 00:00:00'),
(372,'N/A','','','','','','','',285,'','','','','','0000-00-00 00:00:00','','','','0000-00-00','',3,NULL,'0000-00-00 00:00:00'),
(373,'N/A','','','','','','','',286,'','','','','','0000-00-00 00:00:00','','','','0000-00-00','',3,NULL,'0000-00-00 00:00:00'),
(374,'N/A','','','','','','','',287,'','','','','','0000-00-00 00:00:00','','','','0000-00-00','',3,NULL,'0000-00-00 00:00:00'),
(375,'N/A','','','','','','','',288,'','','','','','0000-00-00 00:00:00','','','','0000-00-00','',3,NULL,'0000-00-00 00:00:00'),
(376,'N/A','','','','','','','',292,'','','','','','0000-00-00 00:00:00','','','','0000-00-00','',3,NULL,'0000-00-00 00:00:00'),
(377,'N/A','','','','','','','',293,'','','','','','0000-00-00 00:00:00','','','','0000-00-00','',3,NULL,'0000-00-00 00:00:00'),
(378,'N/A','','','','','','','',294,'','','','','','0000-00-00 00:00:00','','','','0000-00-00','',3,NULL,'0000-00-00 00:00:00'),
(379,'N/A','','','','','','','',289,'','','','','','0000-00-00 00:00:00','','','','0000-00-00','',3,NULL,'0000-00-00 00:00:00'),
(380,'N/A','','','','','','','',290,'','','','','','0000-00-00 00:00:00','','','','0000-00-00','',3,NULL,'0000-00-00 00:00:00'),
(381,'N/A','','','','','','','',295,'','','','','','0000-00-00 00:00:00','','','','0000-00-00','',3,NULL,'0000-00-00 00:00:00'),
(382,'N/A','','','','','','','',296,'','','','','','0000-00-00 00:00:00','','','','0000-00-00','',3,NULL,'0000-00-00 00:00:00'),
(383,'N/A','','','','','','','',297,'','','','','','0000-00-00 00:00:00','','','','0000-00-00','',3,NULL,'0000-00-00 00:00:00'),
(384,'N/A','','','','','','','',298,'','','','','','0000-00-00 00:00:00','','','','0000-00-00','',3,NULL,'0000-00-00 00:00:00'),
(385,'N/A','','','','','','','',299,'','','','','','0000-00-00 00:00:00','','','','0000-00-00','',3,NULL,'0000-00-00 00:00:00'),
(386,'N/A','','','','','','','',300,'','','','','','0000-00-00 00:00:00','','','','0000-00-00','',3,NULL,'0000-00-00 00:00:00'),
(387,'N/A','','','','','','','',301,'','','','','','0000-00-00 00:00:00','','','','0000-00-00','',3,NULL,'0000-00-00 00:00:00'),
(388,'N/A','','','','','','','',302,'','','','','','0000-00-00 00:00:00','','','','0000-00-00','',3,NULL,'0000-00-00 00:00:00'),
(389,'N/A','','','','','','','',303,'','','','','','0000-00-00 00:00:00','','','','0000-00-00','',3,NULL,'0000-00-00 00:00:00'),
(390,'N/A','','','','','','','',304,'','','','','','0000-00-00 00:00:00','','','','0000-00-00','',3,NULL,'0000-00-00 00:00:00'),
(391,'N/A','','','','','','','',305,'','','','','','0000-00-00 00:00:00','','','','0000-00-00','',3,NULL,'0000-00-00 00:00:00'),
(392,'N/A','','','','','','','',306,'','','','','','0000-00-00 00:00:00','','','','0000-00-00','',3,NULL,'0000-00-00 00:00:00'),
(393,'N/A','','','','','','','',307,'','','','','','0000-00-00 00:00:00','','','','0000-00-00','',3,NULL,'0000-00-00 00:00:00'),
(394,'N/A','','','','','','','',308,'','','','','','0000-00-00 00:00:00','','','','0000-00-00','',3,NULL,'0000-00-00 00:00:00'),
(395,'N/A','','','','','','','',309,'','','','','','0000-00-00 00:00:00','','','','0000-00-00','',3,NULL,'0000-00-00 00:00:00'),
(396,'N/A','','','','','','','',310,'','','','','','0000-00-00 00:00:00','','','','0000-00-00','',3,NULL,'0000-00-00 00:00:00'),
(397,'N/A','','','','','','','',311,'','','','','','0000-00-00 00:00:00','','','','0000-00-00','',3,NULL,'0000-00-00 00:00:00'),
(398,'N/A','','','','','','','',312,'','','','','','0000-00-00 00:00:00','','','','0000-00-00','',3,NULL,'0000-00-00 00:00:00'),
(399,'N/A','','','','','','','',313,'','','','','','0000-00-00 00:00:00','','','','0000-00-00','',3,NULL,'0000-00-00 00:00:00'),
(400,'N/A','','','','','','','',314,'','','','','','0000-00-00 00:00:00','','','','0000-00-00','',3,NULL,'0000-00-00 00:00:00'),
(401,'N/A','','','','','','','',315,'','','','','','0000-00-00 00:00:00','','','','0000-00-00','',3,NULL,'0000-00-00 00:00:00'),
(402,'N/A','','','','','','','',316,'','','','','','0000-00-00 00:00:00','','','','0000-00-00','',3,NULL,'0000-00-00 00:00:00'),
(403,'N/A','','','','','','','',317,'','','','','','0000-00-00 00:00:00','','','','0000-00-00','',3,NULL,'0000-00-00 00:00:00'),
(404,'N/A','','','','','','','',318,'','','','','','0000-00-00 00:00:00','','','','0000-00-00','',3,NULL,'0000-00-00 00:00:00'),
(405,'N/A','','','','','','','',319,'','','','','','0000-00-00 00:00:00','','','','0000-00-00','',3,NULL,'0000-00-00 00:00:00'),
(406,'N/A','','','','','','','',320,'','','','','','0000-00-00 00:00:00','','','','0000-00-00','',3,NULL,'0000-00-00 00:00:00'),
(407,'N/A','','','','','','','',303,'','','','','','0000-00-00 00:00:00','','','','0000-00-00','',3,NULL,'0000-00-00 00:00:00'),
(408,'N/A','','','','','','','',304,'','','','','','0000-00-00 00:00:00','','','','0000-00-00','',3,NULL,'0000-00-00 00:00:00'),
(409,'N/A','','','','','','','',305,'','','','','','0000-00-00 00:00:00','','','','0000-00-00','',3,NULL,'0000-00-00 00:00:00'),
(410,'N/A','','','','','','','',306,'','','','','','0000-00-00 00:00:00','','','','0000-00-00','',3,NULL,'0000-00-00 00:00:00'),
(411,'N/A','','','','','','','',307,'','','','','','0000-00-00 00:00:00','','','','0000-00-00','',3,NULL,'0000-00-00 00:00:00'),
(412,'N/A','','','','','','','',311,'','','','','','0000-00-00 00:00:00','','','','0000-00-00','',3,NULL,'0000-00-00 00:00:00'),
(413,'N/A','','','','','','','',321,'','','','','','0000-00-00 00:00:00','','','','0000-00-00','',3,NULL,'0000-00-00 00:00:00'),
(414,'N/A','','','','','','','',322,'','','','','','0000-00-00 00:00:00','','','','0000-00-00','',3,NULL,'0000-00-00 00:00:00'),
(415,'N/A','','','','','','','',323,'','','','','','0000-00-00 00:00:00','','','','0000-00-00','',3,NULL,'0000-00-00 00:00:00'),
(416,'N/A','','','','','','','',324,'','','','','','0000-00-00 00:00:00','','','','0000-00-00','',3,NULL,'0000-00-00 00:00:00'),
(417,'N/A','','','','','','','',324,'','','','','','0000-00-00 00:00:00','','','','0000-00-00','',3,NULL,'0000-00-00 00:00:00'),
(418,'N/A','','','','','','','',325,'','','','','','0000-00-00 00:00:00','','','','0000-00-00','',3,NULL,'0000-00-00 00:00:00'),
(419,'N/A','','','','','','','',326,'','','','','','0000-00-00 00:00:00','','','','0000-00-00','',3,NULL,'0000-00-00 00:00:00'),
(420,'N/A','','','','','','','',327,'','','','','','0000-00-00 00:00:00','','','','0000-00-00','',3,NULL,'0000-00-00 00:00:00'),
(421,'N/A','','','','','','','',328,'','','','','','0000-00-00 00:00:00','','','','0000-00-00','',3,NULL,'0000-00-00 00:00:00'),
(422,'N/A','','','','','','','',329,'','','','','','0000-00-00 00:00:00','','','','0000-00-00','',3,NULL,'0000-00-00 00:00:00'),
(423,'N/A','','','','','','','',300,'','','','','','0000-00-00 00:00:00','','','','0000-00-00','',3,NULL,'0000-00-00 00:00:00'),
(424,'N/A','','','','','','','',301,'','','','','','0000-00-00 00:00:00','','','','0000-00-00','',3,NULL,'0000-00-00 00:00:00'),
(425,'N/A','','','','','','','',302,'','','','','','0000-00-00 00:00:00','','','','0000-00-00','',3,NULL,'0000-00-00 00:00:00'),
(426,'N/A','','','','','','','',330,'','','','','','0000-00-00 00:00:00','','','','0000-00-00','',3,NULL,'0000-00-00 00:00:00'),
(427,'N/A','','','','','','','',331,'','','','','','0000-00-00 00:00:00','','','','0000-00-00','',3,NULL,'0000-00-00 00:00:00'),
(428,'N/A','','','','','','','',332,'','','','','','0000-00-00 00:00:00','','','','0000-00-00','',3,NULL,'0000-00-00 00:00:00'),
(429,'N/A','','','','','','','',333,'','','','','','0000-00-00 00:00:00','','','','0000-00-00','',3,NULL,'0000-00-00 00:00:00'),
(430,'N/A','','','','','','','',334,'','','','','','0000-00-00 00:00:00','','','','0000-00-00','',3,NULL,'0000-00-00 00:00:00'),
(431,'N/A','','','','','','','',335,'','','','','','0000-00-00 00:00:00','','','','0000-00-00','',3,NULL,'0000-00-00 00:00:00'),
(432,'N/A','','','','','','','',336,'','','','','','0000-00-00 00:00:00','','','','0000-00-00','',3,NULL,'0000-00-00 00:00:00'),
(433,'N/A','','','','','','','',337,'','','','','','0000-00-00 00:00:00','','','','0000-00-00','',3,NULL,'0000-00-00 00:00:00'),
(434,'N/A','','','','','','','',338,'','','','','','0000-00-00 00:00:00','','','','0000-00-00','',3,NULL,'0000-00-00 00:00:00'),
(435,'N/A','','','','','','','',339,'','','','','','0000-00-00 00:00:00','','','','0000-00-00','',3,NULL,'0000-00-00 00:00:00'),
(436,'N/A','','','','','','','',340,'','','','','','0000-00-00 00:00:00','','','','0000-00-00','',3,NULL,'0000-00-00 00:00:00'),
(437,'N/A','','','','','','','',341,'','','','','','0000-00-00 00:00:00','','','','0000-00-00','',3,NULL,'0000-00-00 00:00:00'),
(438,'N/A','','','','','','','',342,'','','','','','0000-00-00 00:00:00','','','','0000-00-00','',3,NULL,'0000-00-00 00:00:00'),
(439,'N/A','','','','','','','',343,'','','','','','0000-00-00 00:00:00','','','','0000-00-00','',3,NULL,'0000-00-00 00:00:00'),
(440,'N/A','','','','','','','',344,'','','','','','0000-00-00 00:00:00','','','','0000-00-00','',3,NULL,'0000-00-00 00:00:00'),
(441,'N/A','','','','','','','',345,'','','','','','0000-00-00 00:00:00','','','','0000-00-00','',3,NULL,'0000-00-00 00:00:00'),
(442,'N/A','','','','','','','',346,'','','','','','0000-00-00 00:00:00','','','','0000-00-00','',3,NULL,'0000-00-00 00:00:00'),
(443,'N/A','','','','','','','',347,'','','','','','0000-00-00 00:00:00','','','','0000-00-00','',3,NULL,'0000-00-00 00:00:00'),
(444,'N/A','','','','','','','',348,'','','','','','0000-00-00 00:00:00','','','','0000-00-00','',3,NULL,'0000-00-00 00:00:00'),
(445,'N/A','','','','','','','',349,'','','','','','0000-00-00 00:00:00','','','','0000-00-00','',3,NULL,'0000-00-00 00:00:00'),
(446,'N/A','','','','','','','',350,'','','','','','0000-00-00 00:00:00','','','','0000-00-00','',3,NULL,'0000-00-00 00:00:00'),
(447,'N/A','','','','','','','',351,'','','','','','0000-00-00 00:00:00','','','','0000-00-00','',3,NULL,'0000-00-00 00:00:00'),
(448,'N/A','','','','','','','',352,'','','','','','0000-00-00 00:00:00','','','','0000-00-00','',3,NULL,'0000-00-00 00:00:00'),
(449,'N/A','','','','','','','',353,'','','','','','0000-00-00 00:00:00','','','','0000-00-00','',3,NULL,'0000-00-00 00:00:00'),
(450,'N/A','','','','','','','',354,'','','','','','0000-00-00 00:00:00','','','','0000-00-00','',3,NULL,'0000-00-00 00:00:00'),
(451,'N/A','','','','','','','',355,'','','','','','0000-00-00 00:00:00','','','','0000-00-00','',3,NULL,'0000-00-00 00:00:00'),
(452,'N/A','','','','','','','',356,'','','','','','0000-00-00 00:00:00','','','','0000-00-00','',3,NULL,'0000-00-00 00:00:00'),
(453,'N/A','','','','','','','',357,'','','','','','0000-00-00 00:00:00','','','','0000-00-00','',3,NULL,'0000-00-00 00:00:00'),
(454,'N/A','','','','','','','',358,'','','','','','0000-00-00 00:00:00','','','','0000-00-00','',3,NULL,'0000-00-00 00:00:00'),
(455,'N/A','','','','','','','',359,'','','','','','0000-00-00 00:00:00','','','','0000-00-00','',3,NULL,'0000-00-00 00:00:00'),
(456,'N/A','','','','','','','',360,'','','','','','0000-00-00 00:00:00','','','','0000-00-00','',3,NULL,'0000-00-00 00:00:00'),
(457,'N/A','','','','','','','',361,'','','','','','0000-00-00 00:00:00','','','','0000-00-00','',3,NULL,'0000-00-00 00:00:00'),
(458,'N/A','','','','','','','',362,'','','','','','0000-00-00 00:00:00','','','','0000-00-00','',3,NULL,'0000-00-00 00:00:00'),
(459,'N/A','','','','','','','',363,'','','','','','0000-00-00 00:00:00','','','','0000-00-00','',3,NULL,'0000-00-00 00:00:00'),
(460,'N/A','','','','','','','',364,'','','','','','0000-00-00 00:00:00','','','','0000-00-00','',3,NULL,'0000-00-00 00:00:00'),
(461,'N/A','','','','','','','',365,'','','','','','0000-00-00 00:00:00','','','','0000-00-00','',3,NULL,'0000-00-00 00:00:00'),
(462,'N/A','','','','','','','',366,'','','','','','0000-00-00 00:00:00','','','','0000-00-00','',3,NULL,'0000-00-00 00:00:00'),
(463,'N/A','','','','','','','',367,'','','','','','0000-00-00 00:00:00','','','','0000-00-00','',3,NULL,'0000-00-00 00:00:00'),
(464,'N/A','','','','','','','',368,'','','','','','0000-00-00 00:00:00','','','','0000-00-00','',3,NULL,'0000-00-00 00:00:00'),
(465,'N/A','','','','','','','',369,'','','','','','0000-00-00 00:00:00','','','','0000-00-00','',3,NULL,'0000-00-00 00:00:00'),
(466,'N/A','','','','','','','',370,'2069','21451','Jeddah','K.S.A','','0000-00-00 00:00:00','','','','0000-00-00','',3,NULL,'0000-00-00 00:00:00'),
(467,'N/A','','','','','','','',371,'','','','','','0000-00-00 00:00:00','','','','0000-00-00','',3,NULL,'0000-00-00 00:00:00'),
(468,'N/A','','','','','','','',372,'','','','','','0000-00-00 00:00:00','','','','0000-00-00','',3,NULL,'0000-00-00 00:00:00'),
(469,'N/A','','','','','','','',373,'','','','','','0000-00-00 00:00:00','','','','0000-00-00','',3,NULL,'0000-00-00 00:00:00'),
(470,'N/A','','','','','','','',374,'','','','','','0000-00-00 00:00:00','','','','0000-00-00','',3,NULL,'0000-00-00 00:00:00'),
(471,'Areej Eskandar','','','','','','','',375,'','','','','','0000-00-00 00:00:00','','','','0000-00-00','',3,NULL,'0000-00-00 00:00:00'),
(472,'N/A','','','','','','','',376,'','','','','','0000-00-00 00:00:00','','','','0000-00-00','',3,NULL,'0000-00-00 00:00:00'),
(473,'N/A','','','','','','','',377,'','','','','','0000-00-00 00:00:00','','','','0000-00-00','',3,NULL,'0000-00-00 00:00:00'),
(474,'N/A','','','','','','','',378,'','','','','','0000-00-00 00:00:00','','','','0000-00-00','',3,NULL,'0000-00-00 00:00:00'),
(475,'N/A','','','','','','','',379,'','','','','','0000-00-00 00:00:00','','','','0000-00-00','',3,NULL,'0000-00-00 00:00:00'),
(476,'N/A','','','','','','','',380,'','','','','','0000-00-00 00:00:00','','','','0000-00-00','',3,NULL,'0000-00-00 00:00:00'),
(477,'N/A','','','','','','','',381,'','','','','','0000-00-00 00:00:00','','','','0000-00-00','',3,NULL,'0000-00-00 00:00:00'),
(478,'N/A','','','','','','','',382,'','','','','','0000-00-00 00:00:00','','','','0000-00-00','',3,NULL,'0000-00-00 00:00:00'),
(479,'N/A','','','','','','','',383,'','','','','','0000-00-00 00:00:00','','','','0000-00-00','',3,NULL,'0000-00-00 00:00:00'),
(480,'N/A','','','','','','','',384,'','','','','','0000-00-00 00:00:00','','','','0000-00-00','',3,NULL,'0000-00-00 00:00:00'),
(481,'N/A','','','','','','','',385,'','','','','','0000-00-00 00:00:00','','','','0000-00-00','',3,NULL,'0000-00-00 00:00:00'),
(482,'N/A','','','','','','','',386,'','','','','','0000-00-00 00:00:00','','','','0000-00-00','',3,NULL,'0000-00-00 00:00:00'),
(483,'N/A','','','','','','','',387,'','','','','','0000-00-00 00:00:00','','','','0000-00-00','',3,NULL,'0000-00-00 00:00:00'),
(484,'N/A','','','','','','','',388,'','','','','','0000-00-00 00:00:00','','','','0000-00-00','',3,NULL,'0000-00-00 00:00:00'),
(485,'N/A','','','','','','','',416,'4556','21412','','','','0000-00-00 00:00:00','','','','0000-00-00','',1,NULL,'0000-00-00 00:00:00'),
(486,'Khalid M.Bamanie','','','','','','','',825,'10163','21433','','','','0000-00-00 00:00:00','','','','0000-00-00','',1,NULL,'0000-00-00 00:00:00'),
(487,'Reda Saud Sijiny','','','','','','','',833,'118922','21312','','','','0000-00-00 00:00:00','','','','0000-00-00','',1,NULL,'0000-00-00 00:00:00'),
(488,'Dr Saud S Kateb','','','','','','','',831,'','','','','','0000-00-00 00:00:00','','','','0000-00-00','',1,NULL,'0000-00-00 00:00:00'),
(489,'Philippe EI Chacar','','','','','','','',404,'','','','','','0000-00-00 00:00:00','','','','0000-00-00','',1,NULL,'0000-00-00 00:00:00'),
(490,'Kamal Idris','','','','','','','',773,'','','','','','0000-00-00 00:00:00','','','','0000-00-00','',1,NULL,'0000-00-00 00:00:00'),
(491,'Kamal M. Hefni','','','','','','','',447,'8837','21492','','','','0000-00-00 00:00:00','','','','0000-00-00','',1,NULL,'0000-00-00 00:00:00'),
(492,'Sari M, Linjawi','','','','','','','',726,'122787','21332','','','','0000-00-00 00:00:00','','','','0000-00-00','',1,NULL,'0000-00-00 00:00:00'),
(493,'Husam Bahlawan','','','','','','','',418,'19247','21435','','','','0000-00-00 00:00:00','','','','0000-00-00','',1,NULL,'0000-00-00 00:00:00'),
(494,'Hammam K Zare','','','','','','','',646,'4656','21412','','','','0000-00-00 00:00:00','','','','0000-00-00','',1,NULL,'0000-00-00 00:00:00'),
(495,'Hashim I,Al-Adwany','','','','','','','',447,'8837','21492','','','','0000-00-00 00:00:00','','','','0000-00-00','',1,NULL,'0000-00-00 00:00:00'),
(496,'Samer Qudmani','','','','','','','',681,'337','21411','','','','0000-00-00 00:00:00','','','','0000-00-00','',1,NULL,'0000-00-00 00:00:00'),
(497,'Khaled M, Al Touk','','','','','','','',707,'40700','21511','','','','0000-00-00 00:00:00','','','','0000-00-00','',1,NULL,'0000-00-00 00:00:00'),
(498,'Amer Shaaban','','','','','','','',660,'5536','21432','','','','0000-00-00 00:00:00','','','','0000-00-00','',1,NULL,'0000-00-00 00:00:00'),
(499,'Afnan AL Shareef','','','','','','','',650,'122079','21332','','','','0000-00-00 00:00:00','','','','0000-00-00','',1,NULL,'0000-00-00 00:00:00'),
(500,'Nizar Aroudaki','','','','','','','',491,'10072','11433','','','','0000-00-00 00:00:00','','','','0000-00-00','',1,NULL,'0000-00-00 00:00:00'),
(501,'Hani I,AL-Zaben','','','','','','','',885,'759','21421','Jeddah','Ksa','','0000-00-00 00:00:00','','','','0000-00-00','',1,NULL,'0000-00-00 00:00:00'),
(502,'S,K,Hassan','','','','','','','',502,'6335','21442','','','','0000-00-00 00:00:00','','','','0000-00-00','',1,NULL,'0000-00-00 00:00:00'),
(503,'Mher','Margaryan','iodevllc','Yerevan','mher@gmail.com','+37493775960','+37493115960','Korean',0,NULL,NULL,NULL,NULL,'','0000-00-00 00:00:00','','','','0000-00-00','',0,NULL,'2017-11-07 12:14:38'),
(512,'','','','','','','','',0,NULL,NULL,NULL,NULL,'','0000-00-00 00:00:00','','','','0000-00-00','',0,NULL,'2017-11-07 13:52:17'),
(513,'','','','','','','','www',0,NULL,NULL,NULL,NULL,'','0000-00-00 00:00:00','','','','0000-00-00','',0,NULL,'2017-11-10 16:08:39'),
(514,'','','','','','','','www',0,NULL,NULL,NULL,NULL,'','0000-00-00 00:00:00','','','','0000-00-00','',0,NULL,'2017-11-10 16:08:56'),
(515,'','','','','','','','www',0,NULL,NULL,NULL,NULL,'','0000-00-00 00:00:00','','','','0000-00-00','',0,NULL,'2017-11-10 16:20:11'),
(516,'','','','','','','','www',0,NULL,NULL,NULL,NULL,'','0000-00-00 00:00:00','','','','0000-00-00','',0,NULL,'2017-11-10 16:29:51'),
(517,'','','','','','','','www',0,NULL,NULL,NULL,NULL,'','0000-00-00 00:00:00','','','','0000-00-00','',0,NULL,'2017-11-10 16:29:51'),
(518,'','','','','','','','www',0,NULL,NULL,NULL,NULL,'','0000-00-00 00:00:00','','','','0000-00-00','',0,NULL,'2017-11-10 16:29:51'),
(519,'','','','','','','','www',0,NULL,NULL,NULL,NULL,'','0000-00-00 00:00:00','','','','0000-00-00','',0,NULL,'2017-11-10 16:29:51'),
(520,'','','','','','','','www',0,NULL,NULL,NULL,NULL,'','0000-00-00 00:00:00','','','','0000-00-00','',0,NULL,'2017-11-10 16:34:48'),
(521,'','','','','','','','www',0,NULL,NULL,NULL,NULL,'','0000-00-00 00:00:00','','','','0000-00-00','',0,NULL,'2017-11-10 16:34:48'),
(522,'','','','','','','','',0,NULL,NULL,NULL,NULL,'','0000-00-00 00:00:00','','','','0000-00-00','',0,NULL,'2017-11-10 16:36:00'),
(523,'','','','','','','','',0,NULL,NULL,NULL,NULL,'','0000-00-00 00:00:00','','','','0000-00-00','',0,NULL,'2017-11-10 16:36:00'),
(524,'','','','','','','','',0,NULL,NULL,NULL,NULL,'','0000-00-00 00:00:00','','','','0000-00-00','',0,NULL,'2017-11-10 16:36:00'),
(525,'','','','','','','','www',0,NULL,NULL,NULL,NULL,'','0000-00-00 00:00:00','','','','0000-00-00','',0,NULL,'2017-11-10 16:46:47'),
(526,'','','','','','','','www',0,NULL,NULL,NULL,NULL,'','0000-00-00 00:00:00','','','','0000-00-00','',0,NULL,'2017-11-10 16:47:42'),
(527,'','','','','','','','www',0,NULL,NULL,NULL,NULL,'','0000-00-00 00:00:00','','','','0000-00-00','',0,NULL,'2017-11-10 16:47:50'),
(528,'','','','','','','','www',0,NULL,NULL,NULL,NULL,'','0000-00-00 00:00:00','','','','0000-00-00','',0,NULL,'2017-11-10 16:47:57'),
(529,'','','','','','','','www',0,NULL,NULL,NULL,NULL,'','0000-00-00 00:00:00','','','','0000-00-00','',0,NULL,'2017-11-10 16:48:13'),
(530,'','','','','','','','www',0,NULL,NULL,NULL,NULL,'','0000-00-00 00:00:00','','','','0000-00-00','',0,NULL,'2017-11-10 16:50:41'),
(531,'','','','','','','','www',0,NULL,NULL,NULL,NULL,'','0000-00-00 00:00:00','','','','0000-00-00','',0,NULL,'2017-11-10 16:52:25'),
(532,'','','','','','','','qqq',0,NULL,NULL,NULL,NULL,'','0000-00-00 00:00:00','','','','0000-00-00','',0,NULL,'2017-11-10 16:53:59'),
(533,'','','','','','','','213234',0,NULL,NULL,NULL,NULL,'','0000-00-00 00:00:00','','','','0000-00-00','',0,NULL,'2017-11-10 16:55:50'),
(534,'','','','','','','','weqrt',0,NULL,NULL,NULL,NULL,'','0000-00-00 00:00:00','','','','0000-00-00','',0,NULL,'2017-11-10 16:58:02'),
(535,'','','','','','','','',0,NULL,NULL,NULL,NULL,'','0000-00-00 00:00:00','','','','0000-00-00','',0,NULL,'2017-11-10 17:11:19'),
(536,'','','','','','','','qqqqq',0,NULL,NULL,NULL,NULL,'','0000-00-00 00:00:00','','','','0000-00-00','',0,NULL,'2017-11-10 17:14:08'),
(537,'','','','','','','','',0,NULL,NULL,NULL,NULL,'','0000-00-00 00:00:00','','','','0000-00-00','',0,NULL,'2017-11-10 17:15:14'),
(538,'','','','','','','','',0,NULL,NULL,NULL,NULL,'','0000-00-00 00:00:00','','','','0000-00-00','',0,NULL,'2017-11-10 17:18:01'),
(539,'','','','','','','','',0,NULL,NULL,NULL,NULL,'','0000-00-00 00:00:00','','','','0000-00-00','',0,NULL,'2017-11-10 17:20:40'),
(540,'','','','','','','','',0,NULL,NULL,NULL,NULL,'','0000-00-00 00:00:00','','','','0000-00-00','',0,NULL,'2017-11-10 17:22:00'),
(541,'','','','','','','','',0,NULL,NULL,NULL,NULL,'','0000-00-00 00:00:00','','','','0000-00-00','',0,NULL,'2017-11-10 17:27:45'),
(542,'','','','','','','','45645',0,NULL,NULL,NULL,NULL,'','0000-00-00 00:00:00','','','','0000-00-00','',0,NULL,'2017-11-10 17:28:53'),
(543,'','','','','','','','',0,NULL,NULL,NULL,NULL,'','0000-00-00 00:00:00','','','','0000-00-00','',0,NULL,'2017-11-10 17:36:45'),
(544,'','','','','','','','',0,NULL,NULL,NULL,NULL,'','0000-00-00 00:00:00','','','','0000-00-00','',0,NULL,'2017-11-10 17:37:54'),
(545,'','','','','','','','',0,NULL,NULL,NULL,NULL,'','0000-00-00 00:00:00','','','','0000-00-00','',0,NULL,'2017-11-10 23:35:52'),
(546,'','','','','','','','',0,NULL,NULL,NULL,NULL,'','0000-00-00 00:00:00','','','','0000-00-00','',0,NULL,'2017-11-14 16:19:37'),
(547,'','','','','','','','',0,NULL,NULL,NULL,NULL,'','0000-00-00 00:00:00','','','','0000-00-00','',0,NULL,'2017-11-14 16:21:04'),
(548,'','','','','','','','',0,NULL,NULL,NULL,NULL,'','0000-00-00 00:00:00','','','','0000-00-00','',0,NULL,'2017-11-14 18:00:44'),
(549,'','','','','','','','',0,NULL,NULL,NULL,NULL,'','0000-00-00 00:00:00','','','','0000-00-00','',0,NULL,'2017-11-14 18:02:32'),
(550,'','','','','','','','',0,NULL,NULL,NULL,NULL,'','0000-00-00 00:00:00','','','','0000-00-00','',0,NULL,'2017-11-14 18:02:40'),
(551,'','','','','','','','',0,NULL,NULL,NULL,NULL,'','0000-00-00 00:00:00','','','','0000-00-00','',0,NULL,'2017-11-14 18:04:18'),
(552,'','','','','','','','',0,NULL,NULL,NULL,NULL,'','0000-00-00 00:00:00','','','','0000-00-00','',0,NULL,'2017-11-14 18:05:11'),
(553,'','','','','','','','',0,NULL,NULL,NULL,NULL,'','0000-00-00 00:00:00','','','','0000-00-00','',0,NULL,'2017-11-14 18:05:25'),
(554,'','','','','','','','',0,NULL,NULL,NULL,NULL,'','0000-00-00 00:00:00','','','','0000-00-00','',0,NULL,'2017-11-14 18:06:57'),
(555,'','','','','','','','',0,NULL,NULL,NULL,NULL,'','0000-00-00 00:00:00','','','','0000-00-00','',0,NULL,'2017-11-14 18:08:44'),
(556,'','','','','','','','',0,NULL,NULL,NULL,NULL,'','0000-00-00 00:00:00','','','','0000-00-00','',0,NULL,'2017-11-14 18:09:12'),
(557,'','','','','','','','',0,NULL,NULL,NULL,NULL,'','0000-00-00 00:00:00','','','','0000-00-00','',0,NULL,'2017-11-14 18:09:59'),
(558,'','','','','','','','',0,NULL,NULL,NULL,NULL,'','0000-00-00 00:00:00','','','','0000-00-00','',0,NULL,'2017-11-14 18:16:37'),
(559,'','','','','','','','',0,NULL,NULL,NULL,NULL,'','0000-00-00 00:00:00','','','','0000-00-00','',0,NULL,'2017-11-14 18:18:29'),
(560,'','','','','','','','',0,NULL,NULL,NULL,NULL,'','0000-00-00 00:00:00','','','','0000-00-00','',0,NULL,'2017-11-14 18:28:22'),
(561,'','','','','','','','',0,NULL,NULL,NULL,NULL,'','0000-00-00 00:00:00','','','','0000-00-00','',0,NULL,'2017-11-14 18:29:46'),
(562,'','','','','','','','',0,NULL,NULL,NULL,NULL,'','0000-00-00 00:00:00','','','','0000-00-00','',0,NULL,'2017-11-14 18:30:13'),
(563,'','','','','','','','',0,NULL,NULL,NULL,NULL,'','0000-00-00 00:00:00','','','','0000-00-00','',0,NULL,'2017-11-14 18:33:30'),
(564,'','','','','','','','',0,NULL,NULL,NULL,NULL,'','0000-00-00 00:00:00','','','','0000-00-00','',0,NULL,'2017-11-14 18:34:42'),
(565,'','','','','','','','',0,NULL,NULL,NULL,NULL,'','0000-00-00 00:00:00','','','','0000-00-00','',0,NULL,'2017-11-14 18:35:38'),
(566,'','','','','','','','',0,NULL,NULL,NULL,NULL,'','0000-00-00 00:00:00','','','','0000-00-00','',0,NULL,'2017-11-14 18:37:00'),
(567,'','','','','','','','',0,NULL,NULL,NULL,NULL,'','0000-00-00 00:00:00','','','','0000-00-00','',0,NULL,'2017-11-14 18:43:16'),
(568,'','','','','','','','',0,NULL,NULL,NULL,NULL,'','0000-00-00 00:00:00','','','','0000-00-00','',0,NULL,'2017-11-14 19:06:30'),
(569,'','','','','','','','',0,NULL,NULL,NULL,NULL,'','0000-00-00 00:00:00','','','','0000-00-00','',0,NULL,'2017-11-14 19:06:47'),
(570,'','','','','','','','',0,NULL,NULL,NULL,NULL,'','0000-00-00 00:00:00','','','','0000-00-00','',0,NULL,'2017-11-14 19:10:45'),
(571,'','','','','','','','',0,NULL,NULL,NULL,NULL,'','0000-00-00 00:00:00','','','','0000-00-00','',0,NULL,'2017-11-14 19:11:54'),
(572,'','','','','','','','',0,NULL,NULL,NULL,NULL,'','0000-00-00 00:00:00','','','','0000-00-00','',0,NULL,'2017-11-14 20:21:52'),
(573,'','','','','','','','',0,NULL,NULL,NULL,NULL,'','0000-00-00 00:00:00','','','','0000-00-00','',0,NULL,'2017-11-14 20:25:44'),
(574,'','','','','','','','',0,NULL,NULL,NULL,NULL,'','0000-00-00 00:00:00','','','','0000-00-00','',0,NULL,'2017-11-14 23:56:17'),
(575,'','','','','','','','',0,NULL,NULL,NULL,NULL,'','0000-00-00 00:00:00','','','','0000-00-00','',0,NULL,'2017-11-14 23:57:32'),
(576,'','','','','','','','',0,NULL,NULL,NULL,NULL,'','0000-00-00 00:00:00','','','','0000-00-00','',0,NULL,'2017-11-14 23:57:41'),
(577,'','','','','','','','',0,NULL,NULL,NULL,NULL,'','0000-00-00 00:00:00','','','','0000-00-00','',0,NULL,'2017-11-14 23:58:22'),
(578,'','','','','','','','',0,NULL,NULL,NULL,NULL,'','0000-00-00 00:00:00','','','','0000-00-00','',0,NULL,'2017-11-14 23:59:27'),
(579,'','','','','','','','',0,NULL,NULL,NULL,NULL,'','0000-00-00 00:00:00','','','','0000-00-00','',0,NULL,'2017-11-15 00:05:22'),
(580,'','','','','','','','',0,NULL,NULL,NULL,NULL,'','0000-00-00 00:00:00','','','','0000-00-00','',0,NULL,'2017-11-15 00:05:30'),
(581,'','','','','','','','',0,NULL,NULL,NULL,NULL,'','0000-00-00 00:00:00','','','','0000-00-00','',0,NULL,'2017-11-15 00:07:53'),
(582,'','','','','','','','',0,NULL,NULL,NULL,NULL,'','0000-00-00 00:00:00','','','','0000-00-00','',0,NULL,'2017-11-15 00:08:09'),
(583,'','','','','','','','',0,NULL,NULL,NULL,NULL,'','0000-00-00 00:00:00','','','','0000-00-00','',0,NULL,'2017-11-15 00:09:45'),
(584,'','','','','','','','',0,NULL,NULL,NULL,NULL,'','0000-00-00 00:00:00','','','','0000-00-00','',0,NULL,'2017-11-15 00:11:28'),
(585,'','','','','','','','',0,NULL,NULL,NULL,NULL,'','0000-00-00 00:00:00','','','','0000-00-00','',0,NULL,'2017-11-15 00:14:13'),
(586,'','','','','','','','',0,NULL,NULL,NULL,NULL,'','0000-00-00 00:00:00','','','','0000-00-00','',0,NULL,'2017-11-15 00:17:34'),
(587,'','','','','','','','',0,NULL,NULL,NULL,NULL,'','0000-00-00 00:00:00','','','','0000-00-00','',0,NULL,'2017-11-15 00:20:27'),
(588,'','','','','','','','',0,NULL,NULL,NULL,NULL,'','0000-00-00 00:00:00','','','','0000-00-00','',0,NULL,'2017-11-15 00:21:29'),
(589,'','','','','','','','',0,NULL,NULL,NULL,NULL,'','0000-00-00 00:00:00','','','','0000-00-00','',0,NULL,'2017-11-15 00:25:07'),
(590,'','','','','','','','',0,NULL,NULL,NULL,NULL,'','0000-00-00 00:00:00','','','','0000-00-00','',0,NULL,'2017-11-15 00:26:11'),
(591,'','','','','','','','',0,NULL,NULL,NULL,NULL,'','0000-00-00 00:00:00','','','','0000-00-00','',0,NULL,'2017-11-15 00:27:52'),
(592,'','','','','','','','',0,NULL,NULL,NULL,NULL,'','0000-00-00 00:00:00','','','','0000-00-00','',0,NULL,'2017-11-15 00:28:43'),
(593,'','','','','','','','',0,NULL,NULL,NULL,NULL,'','0000-00-00 00:00:00','','','','0000-00-00','',0,NULL,'2017-11-15 00:29:01'),
(594,'','','','','','','','',0,NULL,NULL,NULL,NULL,'','0000-00-00 00:00:00','','','','0000-00-00','',0,NULL,'2017-11-15 00:29:25'),
(595,'','','','','','','','',0,NULL,NULL,NULL,NULL,'','0000-00-00 00:00:00','','','','0000-00-00','',0,NULL,'2017-11-15 00:31:01'),
(596,'','','','','','','','',0,NULL,NULL,NULL,NULL,'','0000-00-00 00:00:00','','','','0000-00-00','',0,NULL,'2017-11-15 00:57:07'),
(597,'','','','','','','','',0,NULL,NULL,NULL,NULL,'','0000-00-00 00:00:00','','','','0000-00-00','',0,NULL,'2017-11-15 01:08:23'),
(598,'','','','','','','','',100,NULL,NULL,NULL,NULL,'','0000-00-00 00:00:00','','','','0000-00-00','',0,NULL,'2017-11-15 02:46:54'),
(599,'','','','','','','','',150,NULL,NULL,NULL,NULL,'','0000-00-00 00:00:00','','','','0000-00-00','',0,NULL,'2017-11-15 05:02:50'),
(600,'','','','','','','','',100,NULL,NULL,NULL,NULL,'','0000-00-00 00:00:00','','','','0000-00-00','',0,NULL,'2017-11-15 06:31:56');

/*Table structure for table `contact_details` */

DROP TABLE IF EXISTS `contact_details`;

CREATE TABLE `contact_details` (
  `id` int(11) NOT NULL AUTO_INCREMENT,
  `contact_id` int(11) NOT NULL,
  `type` varchar(255) CHARACTER SET utf8 NOT NULL,
  `value` varchar(255) CHARACTER SET utf8 NOT NULL,
  `default_no` tinyint(3) NOT NULL,
  PRIMARY KEY (`id`)
) ENGINE=MyISAM AUTO_INCREMENT=13133 DEFAULT CHARSET=latin1;

/*Data for the table `contact_details` */

insert  into `contact_details`(`id`,`contact_id`,`type`,`value`,`default_no`) values 
(1,1,'telephone','1234',1),
(2,1,'fax','2314',0),
(3,1,'email','alghamdi.na@pg.com',0),
(4,2,'telephone','6634343',1),
(5,2,'email','ibrahim.ghalayini@sa.nestle.com',0),
(6,3,'telephone','6510655',0),
(7,3,'mobile','0564102734',1),
(8,3,'email','alaa.nashed@magrabi.com',0),
(9,4,'telephone','01 2882666 ext. 5533/5999',1),
(10,4,'email','m.kotob@go.com.sa',0),
(11,5,'telephone','01 2119648',0),
(12,5,'mobile','0502899331',1),
(13,5,'email','kromehi@alfaisaliah.com',0),
(14,6,'mobile','0505664282',1),
(15,6,'telephone','2564922 ext 115',0),
(16,6,'email','kassem@alghassanmotors.com',0),
(17,7,'telephone','6520073',0),
(18,7,'mobile','0509653663',1),
(19,7,'email','khalaf@alahliares.com.sa',0),
(963,8,'email','mohamed.anis@habitathotel.com.sa',0),
(962,8,'mobile','0508344355',1),
(961,8,'telephone','2578800',0),
(23,9,'telephone','6641233 ext. 309',1),
(24,9,'email','ehabe@elafgroup.com',0),
(25,10,'telephone','6526000',1),
(26,10,'email','alhussaini@alhussainitrading.com',0),
(27,11,'telephone','6526000',0),
(28,11,'mobile','509697468',1),
(29,11,'email','golf2003@hotmail.com',0),
(30,12,'mobile','505628071',1),
(31,12,'email','tahir.h.bakhsh@drbakhsh.com',0),
(857,13,'fax','6993300',0),
(856,13,'mobile','507939992',1),
(855,13,'telephone','6226777 ext. 423',0),
(35,14,'telephone','2830555 ext. 306',1),
(36,14,'email','chafic.houry@alicosaudi.com',0),
(851,15,'email','dambar.abdullah@samaco.com.sa',0),
(850,15,'telephone','6832000 ext. 2300',0),
(849,15,'mobile','564060116',1),
(40,16,'mobile','564060146',1),
(41,16,'telephone','6832000 ext. 2300',0),
(42,16,'email','alsenie.fahad@samaco.com.sa',0),
(43,17,'telephone','6679500',0),
(44,17,'telephone','6696690',1),
(45,17,'email','mosbeh@nissan.com.sa',0),
(46,18,'mobile','504665071',1),
(47,18,'telephone','6635666 ext. 2252',0),
(48,18,'email','adarandary@fuchs.com.sa',0),
(49,19,'telephone','6521234',0),
(50,19,'mobile','505640360',1),
(51,19,'email','adnan.alhadi@radissonsas.com',0),
(52,20,'telephone','6611800 ext. 6032',1),
(53,20,'email','saad.khayat@icjeddah.com',0),
(54,21,'telephone','6611800',0),
(55,21,'mobile','556692223',1),
(56,21,'email','abdulrahman.alzahrani@icjeddah.com',0),
(854,13,'email','hussain.al-ansari@unilever.com',0),
(59,23,'telephone','6693355 ext. 2123',1),
(60,23,'email','saud.alsulaiman@ikea.com.sa',0),
(986,24,'email','hussainr@elafhotel-rsm.com',0),
(985,24,'mobile','502603240',1),
(984,24,'telephone','2150525',0),
(64,25,'telephone','6644111',0),
(65,25,'mobile','505719294',1),
(66,25,'email','binrafaah.aviation@gmail.com',0),
(991,26,'email','faisal@elafhotel-rsm.com',0),
(990,26,'mobile','565155910',1),
(989,26,'telephone','2150525',0),
(70,27,'telephone','6641233',0),
(71,27,'mobile','504513126',1),
(72,27,'email','nadeem@elafhotels.com',0),
(73,28,'mobile','598235973',1),
(74,28,'email','tonyghanem@yahoo.com',0),
(75,29,'mobile','558008885',1),
(76,29,'email','hamza@amjadaldar.com',0),
(77,30,'telephone','2639666',0),
(78,30,'mobile','509649990',1),
(79,30,'email','asif.raza@hyatt.com',0),
(80,31,'telephone','6546384',0),
(81,31,'mobile','501798901',1),
(82,31,'email','mbadhib@acexpos.com',0),
(83,32,'telephone','6546384',1),
(84,32,'email','acecreative@acexpos.com',0),
(85,33,'mobile','504626517',1),
(86,33,'email','anas.al-safi@unilever.com',0),
(87,34,'telephone','6504000',1),
(88,34,'email','rasmi@tokyogames.com',0),
(89,35,'mobile','556383793',1),
(90,35,'email','contact@hha.com.sa',0),
(91,36,'mobile','557633367',1),
(92,37,'telephone','6610006 ext. 222',1),
(93,37,'email','b.services@rassil.com',0),
(94,38,'mobile','542388996',1),
(95,38,'telephone','01 4738000',0),
(96,38,'email','samern@almutlaqfurniture.com',0),
(97,39,'telephone','01 4626000 ext. 1467',1),
(98,39,'email','esam@jarirbookstore.com',0),
(99,40,'telephone','6420552',1),
(100,40,'website','www.ajwa.com',0),
(834,41,'email','m.najam@abmsate.com.sa',0),
(833,41,'telephone','01 4784909 ext. 190',1),
(103,42,'telephone','01 4784909 ext. 464',1),
(104,42,'email','r.askar@abmsate.com.sa',0),
(105,43,'telephone','6511388',0),
(106,43,'telephone','6650000',0),
(107,43,'fax','6658129',0),
(108,43,'mobile','505698579',1),
(109,43,'email','ahmed.rahman@dlh.de',0),
(110,43,'website','www.lufthansa.com',0),
(111,44,'telephone','01 2764041',1),
(112,44,'telephone','01 2764809',0),
(113,44,'email','ibrahimabomouti@sabb.com',0),
(114,45,'fax','6081259',0),
(115,45,'telephone','6081220 ext. 177',1),
(116,45,'email','ahmedrashad@americanacake.com',0),
(117,45,'website','www.americana-group.net',0),
(118,46,'fax','6081259',0),
(119,46,'telephone','6081220 ext. 177',1),
(120,46,'email','aalbanna@americana.com',0),
(121,46,'website','www.americana-group.net',0),
(122,47,'fax','6502870',0),
(123,47,'telephone','6510655',0),
(124,47,'mobile','564102734',1),
(125,47,'email','alaa.nashed@magrabi.com',0),
(126,47,'website','www.magrabioptical.com',0),
(127,48,'fax','6502870',0),
(128,48,'mobile','556359551',1),
(129,48,'telephone','6510655 ext. 4409',0),
(130,48,'email','islam.gamil@magrabi.com',0),
(131,48,'website','www.magrabioptical.com',0),
(132,49,'telephone','2578888',1),
(133,50,'fax','6143082',0),
(134,50,'mobile','555640820',1),
(135,50,'telephone','6515566 ext. 214',0),
(136,50,'email','m.abuhajar@ipnsaudia.com',0),
(137,50,'website','www.porternovelli.com',0),
(138,51,'fax','6513725',0),
(139,51,'telephone','6520073 ext. 208',1),
(140,51,'website','www.americana-group.net',0),
(141,52,'fax','6513725',0),
(142,52,'telephone','6520073 ext. 208',1),
(143,52,'email','fawzy@alahliares.com.sa',0),
(144,52,'website','www.americana-group.net',0),
(145,53,'fax','6513725',0),
(146,53,'telephone','6520073 ext. 208',1),
(147,53,'email','mounib@alahliares.com.sa',0),
(148,53,'website','www.americana-group.net',0),
(149,54,'fax','6513725',0),
(150,54,'telephone','6520073',0),
(151,54,'mobile','508575055',1),
(152,54,'email','m.samy@alahliares.com.sa',0),
(153,55,'telephone','6746611 ext. 212',1),
(154,55,'email','ramzy.alomrani@kojamjoom.com',0),
(155,56,'mobile','507342825',1),
(156,56,'telephone','6746611 ext. 203',0),
(157,56,'email','raid@kojamjoom.com',0),
(158,57,'fax','6581230',0),
(159,57,'telephone','6614747',1),
(160,58,'telephone','01 4350000',1),
(161,59,'telephone','01 4350000',1),
(162,60,'telephone','01 4350000',1),
(163,61,'telephone','2632299',0),
(164,61,'fax','6686408',0),
(165,61,'mobile','504267158',1),
(166,61,'email','rtabet@alshayajed.com',0),
(167,61,'website','www.alshaya.com',0),
(168,62,'fax','6686408',0),
(169,62,'mobile','506682678',1),
(170,62,'telephone','2632299 ext. 1230',0),
(171,62,'email','ismael@alshayajed.com',0),
(172,62,'website','www.alshaya.com',0),
(173,63,'fax','6686408',0),
(174,63,'mobile','506286076',1),
(175,63,'telephone','2632299 ext. 1190',0),
(176,63,'email','kanawati@alshayajed.com',0),
(177,63,'website','www.alshaya.com',0),
(178,64,'fax','6686408',0),
(179,64,'mobile','533115066',1),
(180,64,'telephone','2632299 ext. 1155',0),
(181,64,'website','www.alshaya.com',0),
(182,64,'email','zaqwan.nabulsi@alshayajed.com',0),
(183,65,'fax','6686408',0),
(184,65,'mobile','500546539',1),
(185,65,'telephone','2632299 ext. 1153',0),
(186,65,'email','shahadat@alshayajed.com',0),
(187,65,'website','www.alshaya.com',0),
(188,66,'telephone','2632299',0),
(189,66,'fax','6686408',0),
(190,66,'mobile','500531937',1),
(191,67,'mobile','506501698',1),
(192,67,'email','roses_461@hotmail.com',0),
(193,68,'mobile','502899331',1),
(194,68,'telephone','01 2119648',0),
(195,68,'fax','01 2119997',0),
(196,68,'email','kromehi@alfaisaliah.com',0),
(197,69,'telephone','6538825',0),
(198,69,'mobile','564020179',1),
(199,69,'telephone','6572222 ext. 8825',0),
(200,69,'email','alghamdi.na@pg.com',0),
(201,70,'mobile','505778071',1),
(202,70,'email','mazen.alsharif@sa.nestle.com',0),
(203,71,'mobile','506646025',1),
(204,71,'fax','01 2930564',0),
(205,71,'telephone','01 4610077 ext. 447',0),
(206,71,'email','rfernandes@alfaisaliah.com',0),
(207,71,'website','www.mee.com.sa',0),
(208,72,'fax','2831481',0),
(209,72,'telephone','2831485',0),
(210,72,'mobile','556657125',1),
(211,72,'email','ahmad.jamjoom@alrashasa.com',0),
(212,73,'telephone','6609400',1),
(213,73,'fax','6675222',0),
(214,73,'email','rabie.yassine@mailmac.net',0),
(215,74,'fax','6637391',0),
(216,74,'telephone','6611802 ext. 66',1),
(217,74,'email','ho@optcl.net',0),
(218,75,'telephone','6693355 ext. 2123',1),
(219,75,'email','saud.alsulaiman@ikea.com.sa',0),
(220,75,'website','www.ikea.com.sa',0),
(221,76,'telephone','6693355 ext. 1118',1),
(222,76,'email','mark.stradford@ikea.com.sa',0),
(223,76,'website','www.ikea.com.sa',0),
(224,77,'telephone','6202000',0),
(225,78,'mobile','507265234',1),
(226,78,'telephone','6634343 ext. 28',0),
(227,78,'email','mohammed.habeeb@sa.nestle.com',0),
(228,79,'telephone','6634343',1),
(229,79,'email','wissam.elhusseini@sa.nestle.com',0),
(230,80,'fax','01 4161060',0),
(231,80,'telephone','01 4620066',1),
(232,80,'email','email@tanhat-hldg.com',0),
(233,81,'telephone','6603866',0),
(234,82,'telephone','6652441',0),
(235,82,'fax','6652464',0),
(236,82,'mobile','540533618',1),
(237,82,'website','www.bahrawi.com',0),
(238,83,'telephone','6652441',0),
(239,83,'fax','6652464',0),
(240,83,'mobile','532717717',1),
(241,83,'email','nazim@bahrawi.com',0),
(242,83,'website','www.bahrawi.com',0),
(243,84,'mobile','506687216',1),
(244,84,'telephone','6470000 ext. 1095',0),
(245,84,'email','shameem.sheikh@binzagr.com.sa',0),
(246,84,'website','www.binzagr.com.sa',0),
(247,85,'telephone','2830961',1),
(248,85,'telephone','6606699',0),
(249,85,'email','a.khier@rubaiyat.com',0),
(250,85,'website','www.rubaiyat.com',0),
(251,86,'telephone','2212486',1),
(252,87,'telephone','6504222 ext. 222',0),
(253,88,'mobile','504634795',1),
(254,88,'telephone','6526256 ext. 100',0),
(255,88,'email','ghtanias@stc.com.sa',0),
(256,88,'website','www.stc.com.sa',0),
(257,89,'telephone','2830555',0),
(258,89,'mobile','551101264',1),
(259,89,'email','samir.abisallum@alicosaudi.com',0),
(260,90,'mobile','564060182',1),
(261,90,'telephone','6832000 ext. 2007',0),
(262,90,'email','noor.jamal@samaco.com.sa',0),
(263,90,'website','www.samaco.com.sa',0),
(264,91,'telephone','6976641',0),
(265,91,'mobile','505626390',1),
(266,91,'website','www.nitchgroup.com',0),
(267,91,'email','ybakr@nitchgroup.com',0),
(268,92,'mobile','551944370',1),
(269,92,'email','Taoufiq.Raji@lingo-retail.com',0),
(270,92,'website','www.al-haddad.com',0),
(271,93,'telephone','6684666',1),
(272,93,'email','khalidmanzoor@hanco-ksa.com',0),
(273,94,'mobile','503615881',1),
(274,94,'email','khaledkamal@mirador-sa.com',0),
(275,94,'website','www.mirador-sa.com',0),
(276,95,'email','takhan@hertz.com.sa',0),
(277,96,'telephone','6653874  ext. 118',1),
(278,96,'email','jeddah@imco-alothman.com',0),
(279,97,'telephone','26621000',0),
(280,97,'mobile','515125135',1),
(281,97,'email','mahmood.alabbdi@aljomihautomotiv.com',0),
(282,98,'telephone','66358888',1),
(283,98,'email','myounus@uma.com.sa',0),
(284,99,'mobile','506616947',1),
(285,99,'email','yzannad@solexplus.net',0),
(286,100,'telephone','6444444',0),
(287,100,'mobile','504694838',1),
(288,100,'email','samer@tihama.com',0),
(289,100,'website','www.tihama.com',0),
(290,101,'telephone','6971071',1),
(291,101,'email','hamza@ams-ins-brokers.com',0),
(292,101,'email','zozz_055@hotmail.com',0),
(293,102,'ext','288',0),
(294,102,'telephone','92275712 ext. 288',1),
(295,102,'email','samer@cigalah.com.sa',0),
(296,103,'mobile','555618027',1),
(297,103,'telephone','6641233 ext. 317',0),
(298,103,'email','salehsaleh@elafgroup.com',0),
(299,103,'website','www.elafgroup.com',0),
(300,104,'mobile','543168910',1),
(301,104,'telephone','(2)6611000',0),
(302,104,'email','bassel.abdulkalek@cpjeddah.com',0),
(303,105,'telephone','6672222 ext. 1119',1),
(304,105,'email','mkhashem@eajb.com.sa',0),
(305,106,'telephone','6202000 ext. 309',1),
(306,106,'email','abodeeba@alesayi-motors.com',0),
(307,107,'telephone','6404444 ext. 186',1),
(308,107,'email','mohammed.chehiber@balubaid.com.sa',0),
(309,108,'telephone','6423509 ext. 400',1),
(310,108,'email','contact@hha.com.sa',0),
(311,109,'telephone','02 - 6374444',1),
(312,109,'email','sbameel@alnafai-steel.com',0),
(313,110,'telephone','02-6875255',1),
(314,110,'email','Osama_1achewi@hotmail.com',0),
(315,111,'telephone','6806666 ext. 109',1),
(316,111,'email','drramadan_2000@hotmail.com',0),
(317,112,'telephone','6711764',1),
(318,112,'email','saudihospital@yahoo.com',0),
(319,113,'telephone','6829333',1),
(320,113,'email','marketing1.jed@fghgroup.net',0),
(321,114,'telephone','6822466',1),
(322,114,'email','saad@almshfa.com',0),
(323,115,'telephone','6770001',0),
(324,115,'mobile','500049257',1),
(325,115,'email','abuameras@alj.com',0),
(326,116,'telephone','6510652',1),
(327,116,'email','hussamx7000@yahoo.com',0),
(328,117,'telephone','6428633 ext. 140',1),
(329,117,'email','khalid-nour@maktoob.com',0),
(330,118,'mobile','509388826',1),
(331,118,'telephone','6510666 ext. 4404',0),
(332,118,'email','samadou@drbakhsh.com',0),
(333,119,'telephone','6590000',1),
(334,119,'email','youssef.alsaeed@hilton.com',0),
(335,120,'telephone','6992212',1),
(336,120,'email','zakarya.elbaba@sheraton.com',0),
(337,121,'telephone','6310000',1),
(338,121,'email','ehab_y@hotmail.com',0),
(339,122,'telephone','6521234',1),
(340,122,'email','adnan.alhadi@radissonsas.com',0),
(341,123,'telephone','6714000',1),
(342,123,'email','saad.alghamdi@marriott.com',0),
(343,124,'ext','6032',0),
(344,124,'telephone','6611800 ext. 6032',1),
(345,124,'email','saad.khayat@icjeddah.com',0),
(346,125,'telephone','6314000',1),
(347,125,'email','youssef.alonzo@hijeddah.com',0),
(348,126,'telephone','6944777',0),
(349,126,'email','sales@albiladhotel.com',0),
(350,127,'telephone','6474444',0),
(351,127,'email','mohammed@tridenet-jeddah.com',0),
(352,128,'telephone','6605000',0),
(353,128,'email','sales@sunsethotel-sa.com',0),
(354,129,'telephone',' 02 6910828',0),
(355,129,'email','zaher@sharbatlyvillage.com',0),
(356,130,'telephone','6274912',0),
(357,130,'telephone','6274913',1),
(358,130,'email','jacob@azfss.com',0),
(359,131,'telephone','6050150 ext. 19',0),
(360,131,'email','karim.turk@ymail.com',0),
(13049,132,'telephone','6494949 ext. 105',0),
(13048,132,'mobile','500120251',1),
(363,133,'telephone','6444833',1),
(364,135,'telephone','6632849',1),
(365,136,'telephone','6600267',1),
(366,137,'telephone','2683694',1),
(367,138,'telephone','6601564',1),
(368,139,'telephone','6504222',1),
(369,139,'email','amutaal@mscpo.com',0),
(370,140,'telephone','6534460',1),
(371,142,'telephone','02-6642580',1),
(372,142,'email','waheed013@hotmail.com',0),
(373,143,'telephone','02-6682133',1),
(374,144,'telephone','02-6503735',1),
(375,144,'email','ctsComputers@mac.com',0),
(376,146,'telephone','02-6470152',1),
(377,148,'telephone','02-6700890',1),
(378,149,'telephone','02-6884488',1),
(379,150,'telephone','02-6448880',1),
(380,151,'telephone','2-652dstrtradfgihsdlfi',1),
(381,151,'email','kbinmahfooz@alnafitha.com',0),
(382,152,'telephone','6145678',1),
(383,153,'telephone','02-6676607',1),
(384,153,'email','htm@goody.com.sa',0),
(385,153,'email','Kmj@goody.com.sa',0),
(386,154,'telephone','02-6440684',1),
(387,155,'telephone','02-6512550',1),
(388,156,'telephone','02-6502809 ext. 39',1),
(389,156,'email','info@injazat-software.com',0),
(390,157,'telephone','02-6450000',1),
(391,158,'telephone','02-6532361',1),
(392,158,'email','samir@mmico-group.com',0),
(393,159,'telephone','02-6363558',1),
(394,159,'email','osama@neproplast.com',0),
(395,160,'telephone','02-2875750',1),
(396,161,'telephone','02-6675599',1),
(397,161,'email','fayez@talakeel.com',0),
(398,162,'telephone','02-6936994',1),
(399,163,'telephone','02-4202900',1),
(400,164,'telephone','02-6420333',1),
(401,165,'telephone','6670029',0),
(402,165,'telephone','6670057',0),
(403,165,'telephone','6671057',1),
(404,165,'email','manawati@saudi.net.sa',0),
(405,166,'telephone','02-6390641',1),
(406,166,'email','contrex@contrex.com.sa',0),
(407,167,'telephone','02-2523456',1),
(408,168,'telephone','02-6672761',1),
(409,168,'email','kreidiemo@hotmail.com',0),
(410,169,'telephone','02-6654680',1),
(411,169,'email','safe.wrap@yahoo.com',0),
(412,170,'telephone','02-6515676 ext. 500',1),
(413,171,'telephone','02-6577510',1),
(414,173,'telephone','02-6576283',1),
(415,173,'email','www.2gathergroup.com',0),
(416,174,'telephone','02-6918883',1),
(417,174,'email','sulaiman@fourwainds-ksa.com',0),
(418,175,'telephone','02-6513070',1),
(419,176,'telephone','02-6352968',1),
(420,177,'mobile','594169054',1),
(421,177,'telephone','02-6631589',0),
(422,177,'email','e-sherppy@ason-me.com',0),
(423,178,'telephone','02-6744000',1),
(424,179,'mobile','505610036',1),
(425,179,'telephone','02-6659855',0),
(426,179,'email','abdulaziz@alnasserco.com',0),
(427,181,'telephone','02-6064970',1),
(428,181,'email','info@sejeltech.com',0),
(429,182,'telephone','02-6437550',1),
(430,183,'telephone','02-6936129',1),
(431,184,'telephone','02-6445063',1),
(432,185,'mobile','500614853',1),
(433,185,'telephone','02-6429154 ext. 104',0),
(434,186,'telephone','02-2632200',1),
(435,187,'telephone','02-6689771',1),
(436,188,'telephone','02-6451451',1),
(437,189,'telephone','02-6720757',1),
(438,190,'telephone','02-6970995',1),
(439,191,'telephone','02-2372290',1),
(440,192,'telephone','02-6589314',1),
(441,193,'telephone','02-6481751',1),
(442,194,'telephone','02-6692228',1),
(443,195,'telephone','02-6703521',1),
(444,196,'telephone','02-6292128',1),
(445,197,'telephone','02-6517135',1),
(446,198,'telephone','02-6762372',1),
(447,199,'telephone','02-6657281',1),
(448,200,'telephone','02-6833288',1),
(449,200,'email','alyoubi77@yahoo.com',0),
(450,201,'telephone','02-6290828',1),
(451,202,'telephone','02-6510606',1),
(452,203,'telephone','6313175',1),
(453,203,'telephone','6320089',0),
(454,204,'telephone','02-6530055',1),
(455,205,'telephone','6917443',1),
(456,205,'telephone','02-6684213',0),
(457,206,'telephone','6917446',1),
(458,207,'telephone','02-6699500',1),
(459,208,'telephone','02-6973309',1),
(460,208,'email','dwi_jeddah@yahoo.com',0),
(461,209,'telephone','02-6529000',1),
(462,210,'telephone','6872702',1),
(463,210,'telephone','6872710',0),
(464,211,'telephone','02-2362545',1),
(465,211,'email','jeddahcf@hotmail.com',0),
(466,212,'telephone','02-6512848',1),
(467,212,'email','mohammad.saad@legrand.com.sa',0),
(468,213,'telephone','02-6826688',1),
(469,214,'telephone','02-6681848 ',1),
(470,214,'telephone','02-6681891',0),
(471,214,'telephone','02-6681898',0),
(472,215,'telephone','02-6200613',1),
(473,216,'telephone','02-6513100',1),
(474,217,'telephone','02-6636863',1),
(475,217,'telephone','02-6636962',0),
(476,217,'email','alaasaqr@hotmail.com',0),
(477,218,'telephone','02-6081368',1),
(478,218,'telephone','02-6081384',0),
(479,219,'telephone','02-6829000',1),
(480,219,'email','sgh@sghgroup.com',0),
(481,220,'telephone','02-6646669',1),
(482,221,'telephone','02-6398989',1),
(483,221,'telephone','02-6687764',0),
(484,221,'email','mohammed@steel-and-wood.com',0),
(485,222,'telephone','02-6573087',1),
(486,223,'mobile','02-6052751',0),
(487,223,'telephone','02-6587750',1),
(488,223,'email','ouheir@technopaints.com',0),
(489,224,'telephone','6937917 ext.112',1),
(490,224,'telephone','966558012225',0),
(491,225,'mobile','966551495971',0),
(492,225,'telephone','6526600 ext.225',1),
(493,225,'email','Kgethmi@awalnet.com',0),
(494,225,'website','www.awalnet.com',0),
(495,226,'mobile','9613597758',0),
(496,226,'telephone','9613606100',1),
(497,226,'telephone','00961 1 887100',0),
(498,226,'email','schammas@tahmag.com',0),
(8118,227,'email','janheller@attiehmedico.com',0),
(8117,227,'mobile','966553046328',0),
(8116,227,'telephone','6972550',1),
(13050,228,'t','e',0),
(13051,228,'e','w',0),
(13052,228,'l','r',0),
(13053,229,'t','1',0),
(13054,229,'e','2',0),
(13055,229,'l','3',0),
(13056,230,'telephone','1',0),
(13057,230,'mobile','2',0),
(13058,230,'fax','3',0),
(13059,231,'telephone','1',0),
(13060,231,'mobile','2',0),
(13061,231,'fax','3',0),
(13062,232,'telephone','124353425',1),
(13063,232,'fax','23423',0),
(13064,232,'mobile','435234523',0),
(13065,233,'telephone','34634',0),
(13066,233,'mobile','4563456',1),
(13067,233,'fax','',0),
(13068,234,'telephone','123',0),
(13069,234,'mobile','ewr32',0),
(13070,234,'telephone','45345',1),
(13071,235,'telephone','4234',1),
(13072,235,'telephone','3254234542',0),
(13073,235,'mobile','56456',0),
(13074,236,'telephone','0000000000',0),
(13075,236,'email','22222222',0),
(13076,236,'mobile','3333333',1),
(13077,236,'mobile','666666',0),
(13078,237,'','',1),
(13079,238,'','',1),
(13080,239,'telephone','12314324123423543254325',1),
(13081,240,'telephone','12314324123423543254325',1),
(13082,241,'telephone','12314324123423543254325',1),
(13083,242,'telephone','12314324123423543254325',1),
(13084,243,'telephone','12314324123423543254325',1),
(13085,244,'telephone','12314324123423543254325',1),
(13086,245,'telephone','12314324123423543254325',1),
(13087,246,'telephone','12314324123423543254325',1),
(13088,247,'telephone','12314324123423543254325',1),
(13089,248,'telephone','12314324123423543254325',1),
(13090,249,'telephone','12314324123423543254325',1),
(13091,250,'telephone','12314324123423543254325',1),
(13092,251,'telephone','12314324123423543254325',1),
(13093,252,'telephone','12314324123423543254325',1),
(13094,253,'telephone','12314324123423543254325',1),
(13095,254,'telephone','12314324123423543254325',1),
(13096,255,'telephone','12314324123423543254325',1),
(13097,256,'telephone','12314324123423543254325',1),
(13098,257,'telephone','12314324123423543254325',1),
(13099,258,'telephone','12314324123423543254325',1),
(13100,259,'telephone','12314324123423543254325',1),
(13101,260,'telephone','12314324123423543254325',1),
(13102,261,'telephone','12314324123423543254325',1),
(13103,262,'telephone','12314324123423543254325',1),
(13104,263,'telephone','3423',1),
(13105,264,'','',1),
(13106,180,'telephone','werfwerf',1),
(13107,180,'mobile','231452352345',1),
(13108,180,'','',1),
(13109,180,'fax','ergtr',0),
(13110,180,'telephone','4536345',1),
(13111,180,'fax','ergtr',1),
(13112,180,'fax','ergtr',1),
(13113,180,'fax','ergtr',1),
(13114,180,'fax','rewytytdr',1),
(13115,180,'fax','rewytytdr',1),
(13116,180,'fax','rewytytdr',1),
(13117,180,'','',1),
(13118,180,'telephone','dsf',1),
(13119,180,'telephone','dsf',1),
(13120,180,'telephone','dsf',1),
(13121,180,'telephone','dsf',1),
(13122,100,'','',1),
(13123,100,'','',1),
(13124,100,'','',1),
(13125,180,'','',1),
(13126,180,'','',1),
(13127,100,'','',1),
(13128,100,'','',1),
(13129,100,'','',1),
(13130,185,'telephone','4352',1),
(13131,100,'mobile','23414',1),
(13132,100,'telephone','2135415',0);

/*Table structure for table `contacts_in_groups` */

DROP TABLE IF EXISTS `contacts_in_groups`;

CREATE TABLE `contacts_in_groups` (
  `id` int(10) unsigned NOT NULL AUTO_INCREMENT,
  `contact_id` int(11) NOT NULL,
  `group_id` int(11) NOT NULL,
  `user_id` int(11) DEFAULT NULL,
  PRIMARY KEY (`id`)
) ENGINE=InnoDB AUTO_INCREMENT=13 DEFAULT CHARSET=utf8 COLLATE=utf8_unicode_ci;

/*Data for the table `contacts_in_groups` */

insert  into `contacts_in_groups`(`id`,`contact_id`,`group_id`,`user_id`) values 
(1,216,17,6),
(2,216,3,6),
(3,216,1,6),
(4,216,2,6),
(5,179,19,6),
(6,179,18,6),
(7,179,17,6),
(8,179,2,6),
(9,179,1,6),
(10,216,20,6),
(11,254,20,6),
(12,254,21,6);

/*Table structure for table `countries` */

DROP TABLE IF EXISTS `countries`;

CREATE TABLE `countries` (
  `id` int(10) unsigned NOT NULL AUTO_INCREMENT,
  `capital` varchar(255) COLLATE utf8_unicode_ci DEFAULT NULL,
  `citizenship` varchar(255) COLLATE utf8_unicode_ci DEFAULT NULL,
  `country_code` varchar(3) COLLATE utf8_unicode_ci NOT NULL DEFAULT '',
  `currency` varchar(255) COLLATE utf8_unicode_ci DEFAULT NULL,
  `currency_code` varchar(255) COLLATE utf8_unicode_ci DEFAULT NULL,
  `currency_sub_unit` varchar(255) COLLATE utf8_unicode_ci DEFAULT NULL,
  `currency_symbol` varchar(3) COLLATE utf8_unicode_ci DEFAULT NULL,
  `full_name` varchar(255) COLLATE utf8_unicode_ci DEFAULT NULL,
  `iso_3166_2` varchar(2) COLLATE utf8_unicode_ci NOT NULL DEFAULT '',
  `iso_3166_3` varchar(3) COLLATE utf8_unicode_ci NOT NULL DEFAULT '',
  `name` varchar(255) COLLATE utf8_unicode_ci NOT NULL DEFAULT '',
  `region_code` varchar(3) COLLATE utf8_unicode_ci NOT NULL DEFAULT '',
  `sub_region_code` varchar(3) COLLATE utf8_unicode_ci NOT NULL DEFAULT '',
  `eea` tinyint(1) NOT NULL DEFAULT '0',
  `calling_code` varchar(3) COLLATE utf8_unicode_ci DEFAULT NULL,
  `flag` varchar(6) COLLATE utf8_unicode_ci DEFAULT NULL,
  PRIMARY KEY (`id`)
) ENGINE=InnoDB AUTO_INCREMENT=895 DEFAULT CHARSET=utf8 COLLATE=utf8_unicode_ci;

/*Data for the table `countries` */

insert  into `countries`(`id`,`capital`,`citizenship`,`country_code`,`currency`,`currency_code`,`currency_sub_unit`,`currency_symbol`,`full_name`,`iso_3166_2`,`iso_3166_3`,`name`,`region_code`,`sub_region_code`,`eea`,`calling_code`,`flag`) values 
(4,'Kabul','Afghan','004','afghani','AFN','pul','?','Islamic Republic of Afghanistan','AF','AFG','Afghanistan','142','034',0,'93','AF.png'),
(8,'Tirana','Albanian','008','lek','ALL','(qindar (pl. qindarka))','Lek','Republic of Albania','AL','ALB','Albania','150','039',0,'355','AL.png'),
(10,'Antartica','of Antartica','010','','','','','Antarctica','AQ','ATA','Antarctica','','',0,'672','AQ.png'),
(12,'Algiers','Algerian','012','Algerian dinar','DZD','centime','DZD','Peoples Democratic Republic of Algeria','DZ','DZA','Algeria','002','015',0,'213','DZ.png'),
(16,'Pago Pago','American Samoan','016','US dollar','USD','cent','$','Territory of American','AS','ASM','American Samoa','009','061',0,'1','AS.png'),
(20,'Andorra la Vella','Andorran','020','euro','EUR','cent','','Principality of Andorra','AD','AND','Andorra','150','039',0,'376','AD.png'),
(24,'Luanda','Angolan','024','kwanza','AOA','cêntimo','Kz','Republic of Angola','AO','AGO','Angola','002','017',0,'244','AO.png'),
(28,'St Johns','of Antigua and Barbuda','028','East Caribbean dollar','XCD','cent','$','Antigua and Barbuda','AG','ATG','Antigua and Barbuda','019','029',0,'1','AG.png'),
(31,'Baku','Azerbaijani','031','Azerbaijani manat','AZN','kepik (inv.)','???','Republic of Azerbaijan','AZ','AZE','Azerbaijan','142','145',0,'994','AZ.png'),
(32,'Buenos Aires','Argentinian','032','Argentine peso','ARS','centavo','$','Argentine Republic','AR','ARG','Argentina','019','005',0,'54','AR.png'),
(36,'Canberra','Australian','036','Australian dollar','AUD','cent','$','Commonwealth of Australia','AU','AUS','Australia','009','053',0,'61','AU.png'),
(40,'Vienna','Austrian','040','euro','EUR','cent','','Republic of Austria','AT','AUT','Austria','150','155',1,'43','AT.png'),
(44,'Nassau','Bahamian','044','Bahamian dollar','BSD','cent','$','Commonwealth of the Bahamas','BS','BHS','Bahamas','019','029',0,'1','BS.png'),
(48,'Manama','Bahraini','048','Bahraini dinar','BHD','fils (inv.)','BHD','Kingdom of Bahrain','BH','BHR','Bahrain','142','145',0,'973','BH.png'),
(50,'Dhaka','Bangladeshi','050','taka (inv.)','BDT','poisha (inv.)','BDT','Peoples Republic of Bangladesh','BD','BGD','Bangladesh','142','034',0,'880','BD.png'),
(51,'Yerevan','Armenian','051','dram (inv.)','AMD','luma','AMD','Republic of Armenia','AM','ARM','Armenia','142','145',0,'374','AM.png'),
(52,'Bridgetown','Barbadian','052','Barbados dollar','BBD','cent','$','Barbados','BB','BRB','Barbados','019','029',0,'1','BB.png'),
(56,'Brussels','Belgian','056','euro','EUR','cent','','Kingdom of Belgium','BE','BEL','Belgium','150','155',1,'32','BE.png'),
(60,'Hamilton','Bermudian','060','Bermuda dollar','BMD','cent','$','Bermuda','BM','BMU','Bermuda','019','021',0,'1','BM.png'),
(64,'Thimphu','Bhutanese','064','ngultrum (inv.)','BTN','chhetrum (inv.)','BTN','Kingdom of Bhutan','BT','BTN','Bhutan','142','034',0,'975','BT.png'),
(68,'Sucre (BO1)','Bolivian','068','boliviano','BOB','centavo','$b','Plurinational State of Bolivia','BO','BOL','Bolivia, Plurinational State of','019','005',0,'591','BO.png'),
(70,'Sarajevo','of Bosnia and Herzegovina','070','convertible mark','BAM','fening','KM','Bosnia and Herzegovina','BA','BIH','Bosnia and Herzegovina','150','039',0,'387','BA.png'),
(72,'Gaborone','Botswanan','072','pula (inv.)','BWP','thebe (inv.)','P','Republic of Botswana','BW','BWA','Botswana','002','018',0,'267','BW.png'),
(74,'Bouvet island','of Bouvet island','074','','','','kr','Bouvet Island','BV','BVT','Bouvet Island','','',0,'47','BV.png'),
(76,'Brasilia','Brazilian','076','real (pl. reais)','BRL','centavo','R$','Federative Republic of Brazil','BR','BRA','Brazil','019','005',0,'55','BR.png'),
(84,'Belmopan','Belizean','084','Belize dollar','BZD','cent','BZ$','Belize','BZ','BLZ','Belize','019','013',0,'501','BZ.png'),
(86,'Diego Garcia','Changosian','086','US dollar','USD','cent','$','British Indian Ocean Territory','IO','IOT','British Indian Ocean Territory','','',0,'246','IO.png'),
(90,'Honiara','Solomon Islander','090','Solomon Islands dollar','SBD','cent','$','Solomon Islands','SB','SLB','Solomon Islands','009','054',0,'677','SB.png'),
(92,'Road Town','British Virgin Islander;','092','US dollar','USD','cent','$','British Virgin Islands','VG','VGB','Virgin Islands, British','019','029',0,'1','VG.png'),
(96,'Bandar Seri Begawan','Bruneian','096','Brunei dollar','BND','sen (inv.)','$','Brunei Darussalam','BN','BRN','Brunei Darussalam','142','035',0,'673','BN.png'),
(100,'Sofia','Bulgarian','100','lev (pl. leva)','BGN','stotinka','??','Republic of Bulgaria','BG','BGR','Bulgaria','150','151',1,'359','BG.png'),
(104,'Yangon','Burmese','104','kyat','MMK','pya','K','Union of Myanmar/','MM','MMR','Myanmar','142','035',0,'95','MM.png'),
(108,'Bujumbura','Burundian','108','Burundi franc','BIF','centime','BIF','Republic of Burundi','BI','BDI','Burundi','002','014',0,'257','BI.png'),
(112,'Minsk','Belarusian','112','Belarusian rouble','BYR','kopek','p.','Republic of Belarus','BY','BLR','Belarus','150','151',0,'375','BY.png'),
(116,'Phnom Penh','Cambodian','116','riel','KHR','sen (inv.)','?','Kingdom of Cambodia','KH','KHM','Cambodia','142','035',0,'855','KH.png'),
(120,'Yaoundé','Cameroonian','120','CFA franc (BEAC)','XAF','centime','FCF','Republic of Cameroon','CM','CMR','Cameroon','002','017',0,'237','CM.png'),
(124,'Ottawa','Canadian','124','Canadian dollar','CAD','cent','$','Canada','CA','CAN','Canada','019','021',0,'1','CA.png'),
(132,'Praia','Cape Verdean','132','Cape Verde escudo','CVE','centavo','CVE','Republic of Cape Verde','CV','CPV','Cape Verde','002','011',0,'238','CV.png'),
(136,'George Town','Caymanian','136','Cayman Islands dollar','KYD','cent','$','Cayman Islands','KY','CYM','Cayman Islands','019','029',0,'1','KY.png'),
(140,'Bangui','Central African','140','CFA franc (BEAC)','XAF','centime','CFA','Central African Republic','CF','CAF','Central African Republic','002','017',0,'236','CF.png'),
(144,'Colombo','Sri Lankan','144','Sri Lankan rupee','LKR','cent','?','Democratic Socialist Republic of Sri Lanka','LK','LKA','Sri Lanka','142','034',0,'94','LK.png'),
(148,'NDjamena','Chadian','148','CFA franc (BEAC)','XAF','centime','XAF','Republic of Chad','TD','TCD','Chad','002','017',0,'235','TD.png'),
(152,'Santiago','Chilean','152','Chilean peso','CLP','centavo','CLP','Republic of Chile','CL','CHL','Chile','019','005',0,'56','CL.png'),
(156,'Beijing','Chinese','156','renminbi-yuan (inv.)','CNY','jiao (10)','¥','Peoples Republic of China','CN','CHN','China','142','030',0,'86','CN.png'),
(158,'Taipei','Taiwanese','158','new Taiwan dollar','TWD','fen (inv.)','NT$','Republic of China, Taiwan (TW1)','TW','TWN','Taiwan, Province of China','142','030',0,'886','TW.png'),
(162,'Flying Fish Cove','Christmas Islander','162','Australian dollar','AUD','cent','$','Christmas Island Territory','CX','CXR','Christmas Island','','',0,'61','CX.png'),
(166,'Bantam','Cocos Islander','166','Australian dollar','AUD','cent','$','Territory of Cocos (Keeling) Islands','CC','CCK','Cocos (Keeling) Islands','','',0,'61','CC.png'),
(170,'Santa Fe de Bogotá','Colombian','170','Colombian peso','COP','centavo','$','Republic of Colombia','CO','COL','Colombia','019','005',0,'57','CO.png'),
(174,'Moroni','Comorian','174','Comorian franc','KMF','','KMF','Union of the Comoros','KM','COM','Comoros','002','014',0,'269','KM.png'),
(175,'Mamoudzou','Mahorais','175','euro','EUR','cent','','Departmental Collectivity of Mayotte','YT','MYT','Mayotte','002','014',0,'262','YT.png'),
(178,'Brazzaville','Congolese','178','CFA franc (BEAC)','XAF','centime','FCF','Republic of the Congo','CG','COG','Congo','002','017',0,'242','CG.png'),
(180,'Kinshasa','Congolese','180','Congolese franc','CDF','centime','CDF','Democratic Republic of the Congo','CD','COD','Congo, the Democratic Republic of the','002','017',0,'243','CD.png'),
(184,'Avarua','Cook Islander','184','New Zealand dollar','NZD','cent','$','Cook Islands','CK','COK','Cook Islands','009','061',0,'682','CK.png'),
(188,'San José','Costa Rican','188','Costa Rican colón (pl. colones)','CRC','céntimo','?','Republic of Costa Rica','CR','CRI','Costa Rica','019','013',0,'506','CR.png'),
(191,'Zagreb','Croatian','191','kuna (inv.)','HRK','lipa (inv.)','kn','Republic of Croatia','HR','HRV','Croatia','150','039',1,'385','HR.png'),
(192,'Havana','Cuban','192','Cuban peso','CUP','centavo','?','Republic of Cuba','CU','CUB','Cuba','019','029',0,'53','CU.png'),
(196,'Nicosia','Cypriot','196','euro','EUR','cent','CYP','Republic of Cyprus','CY','CYP','Cyprus','142','145',1,'357','CY.png'),
(203,'Prague','Czech','203','Czech koruna (pl. koruny)','CZK','halér','K?','Czech Republic','CZ','CZE','Czech Republic','150','151',1,'420','CZ.png'),
(204,'Porto Novo (BJ1)','Beninese','204','CFA franc (BCEAO)','XOF','centime','XOF','Republic of Benin','BJ','BEN','Benin','002','011',0,'229','BJ.png'),
(208,'Copenhagen','Danish','208','Danish krone','DKK','øre (inv.)','kr','Kingdom of Denmark','DK','DNK','Denmark','150','154',1,'45','DK.png'),
(212,'Roseau','Dominican','212','East Caribbean dollar','XCD','cent','$','Commonwealth of Dominica','DM','DMA','Dominica','019','029',0,'1','DM.png'),
(214,'Santo Domingo','Dominican','214','Dominican peso','DOP','centavo','RD$','Dominican Republic','DO','DOM','Dominican Republic','019','029',0,'1','DO.png'),
(218,'Quito','Ecuadorian','218','US dollar','USD','cent','$','Republic of Ecuador','EC','ECU','Ecuador','019','005',0,'593','EC.png'),
(222,'San Salvador','Salvadoran','222','Salvadorian colón (pl. colones)','SVC','centavo','$','Republic of El Salvador','SV','SLV','El Salvador','019','013',0,'503','SV.png'),
(226,'Malabo','Equatorial Guinean','226','CFA franc (BEAC)','XAF','centime','FCF','Republic of Equatorial Guinea','GQ','GNQ','Equatorial Guinea','002','017',0,'240','GQ.png'),
(231,'Addis Ababa','Ethiopian','231','birr (inv.)','ETB','cent','ETB','Federal Democratic Republic of Ethiopia','ET','ETH','Ethiopia','002','014',0,'251','ET.png'),
(232,'Asmara','Eritrean','232','nakfa','ERN','cent','Nfk','State of Eritrea','ER','ERI','Eritrea','002','014',0,'291','ER.png'),
(233,'Tallinn','Estonian','233','euro','EUR','cent','kr','Republic of Estonia','EE','EST','Estonia','150','154',1,'372','EE.png'),
(234,'Tórshavn','Faeroese','234','Danish krone','DKK','øre (inv.)','kr','Faeroe Islands','FO','FRO','Faroe Islands','150','154',0,'298','FO.png'),
(238,'Stanley','Falkland Islander','238','Falkland Islands pound','FKP','new penny','£','Falkland Islands','FK','FLK','Falkland Islands (Malvinas)','019','005',0,'500','FK.png'),
(239,'King Edward Point (Grytviken)','of South Georgia and the South Sandwich Islands','239','','','','£','South Georgia and the South Sandwich Islands','GS','SGS','South Georgia and the South Sandwich Islands','','',0,'44','GS.png'),
(242,'Suva','Fijian','242','Fiji dollar','FJD','cent','$','Republic of Fiji','FJ','FJI','Fiji','009','054',0,'679','FJ.png'),
(246,'Helsinki','Finnish','246','euro','EUR','cent','','Republic of Finland','FI','FIN','Finland','150','154',1,'358','FI.png'),
(248,'Mariehamn','Åland Islander','248','euro','EUR','cent',NULL,'Åland Islands','AX','ALA','Åland Islands','150','154',0,'358',NULL),
(250,'Paris','French','250','euro','EUR','cent','','French Republic','FR','FRA','France','150','155',1,'33','FR.png'),
(254,'Cayenne','Guianese','254','euro','EUR','cent','','French Guiana','GF','GUF','French Guiana','019','005',0,'594','GF.png'),
(258,'Papeete','Polynesian','258','CFP franc','XPF','centime','XPF','French Polynesia','PF','PYF','French Polynesia','009','061',0,'689','PF.png'),
(260,'Port-aux-Francais','of French Southern and Antarctic Lands','260','euro','EUR','cent','','French Southern and Antarctic Lands','TF','ATF','French Southern Territories','','',0,'33','TF.png'),
(262,'Djibouti','Djiboutian','262','Djibouti franc','DJF','','DJF','Republic of Djibouti','DJ','DJI','Djibouti','002','014',0,'253','DJ.png'),
(266,'Libreville','Gabonese','266','CFA franc (BEAC)','XAF','centime','FCF','Gabonese Republic','GA','GAB','Gabon','002','017',0,'241','GA.png'),
(268,'Tbilisi','Georgian','268','lari','GEL','tetri (inv.)','GEL','Georgia','GE','GEO','Georgia','142','145',0,'995','GE.png'),
(270,'Banjul','Gambian','270','dalasi (inv.)','GMD','butut','D','Republic of the Gambia','GM','GMB','Gambia','002','011',0,'220','GM.png'),
(275,NULL,'Palestinian','275',NULL,NULL,NULL,'?',NULL,'PS','PSE','Palestinian Territory, Occupied','142','145',0,'970','PS.png'),
(276,'Berlin','German','276','euro','EUR','cent','','Federal Republic of Germany','DE','DEU','Germany','150','155',1,'49','DE.png'),
(288,'Accra','Ghanaian','288','Ghana cedi','GHS','pesewa','¢','Republic of Ghana','GH','GHA','Ghana','002','011',0,'233','GH.png'),
(292,'Gibraltar','Gibraltarian','292','Gibraltar pound','GIP','penny','£','Gibraltar','GI','GIB','Gibraltar','150','039',0,'350','GI.png'),
(296,'Tarawa','Kiribatian','296','Australian dollar','AUD','cent','$','Republic of Kiribati','KI','KIR','Kiribati','009','057',0,'686','KI.png'),
(300,'Athens','Greek','300','euro','EUR','cent','','Hellenic Republic','GR','GRC','Greece','150','039',1,'30','GR.png'),
(304,'Nuuk','Greenlander','304','Danish krone','DKK','øre (inv.)','kr','Greenland','GL','GRL','Greenland','019','021',0,'299','GL.png'),
(308,'St Georges','Grenadian','308','East Caribbean dollar','XCD','cent','$','Grenada','GD','GRD','Grenada','019','029',0,'1','GD.png'),
(312,'Basse Terre','Guadeloupean','312','euro','EUR ','cent','','Guadeloupe','GP','GLP','Guadeloupe','019','029',0,'590','GP.png'),
(316,'Agaña (Hagåtña)','Guamanian','316','US dollar','USD','cent','$','Territory of Guam','GU','GUM','Guam','009','057',0,'1','GU.png'),
(320,'Guatemala City','Guatemalan','320','quetzal (pl. quetzales)','GTQ','centavo','Q','Republic of Guatemala','GT','GTM','Guatemala','019','013',0,'502','GT.png'),
(324,'Conakry','Guinean','324','Guinean franc','GNF','','GNF','Republic of Guinea','GN','GIN','Guinea','002','011',0,'224','GN.png'),
(328,'Georgetown','Guyanese','328','Guyana dollar','GYD','cent','$','Cooperative Republic of Guyana','GY','GUY','Guyana','019','005',0,'592','GY.png'),
(332,'Port-au-Prince','Haitian','332','gourde','HTG','centime','G','Republic of Haiti','HT','HTI','Haiti','019','029',0,'509','HT.png'),
(334,'Territory of Heard Island and McDonald Islands','of Territory of Heard Island and McDonald Islands','334','','','','$','Territory of Heard Island and McDonald Islands','HM','HMD','Heard Island and McDonald Islands','','',0,'61','HM.png'),
(336,'Vatican City','of the Holy See/of the Vatican','336','euro','EUR','cent','','the Holy See/ Vatican City State','VA','VAT','Holy See (Vatican City State)','150','039',0,'39','VA.png'),
(340,'Tegucigalpa','Honduran','340','lempira','HNL','centavo','L','Republic of Honduras','HN','HND','Honduras','019','013',0,'504','HN.png'),
(344,'(HK3)','Hong Kong Chinese','344','Hong Kong dollar','HKD','cent','$','Hong Kong Special Administrative Region of the Peoples Republic of China (HK2)','HK','HKG','Hong Kong','142','030',0,'852','HK.png'),
(348,'Budapest','Hungarian','348','forint (inv.)','HUF','(fillér (inv.))','Ft','Republic of Hungary','HU','HUN','Hungary','150','151',1,'36','HU.png'),
(352,'Reykjavik','Icelander','352','króna (pl. krónur)','ISK','','kr','Republic of Iceland','IS','ISL','Iceland','150','154',1,'354','IS.png'),
(356,'New Delhi','Indian','356','Indian rupee','INR','paisa','?','Republic of India','IN','IND','India','142','034',0,'91','IN.png'),
(360,'Jakarta','Indonesian','360','Indonesian rupiah (inv.)','IDR','sen (inv.)','Rp','Republic of Indonesia','ID','IDN','Indonesia','142','035',0,'62','ID.png'),
(364,'Tehran','Iranian','364','Iranian rial','IRR','(dinar) (IR1)','?','Islamic Republic of Iran','IR','IRN','Iran, Islamic Republic of','142','034',0,'98','IR.png'),
(368,'Baghdad','Iraqi','368','Iraqi dinar','IQD','fils (inv.)','IQD','Republic of Iraq','IQ','IRQ','Iraq','142','145',0,'964','IQ.png'),
(372,'Dublin','Irish','372','euro','EUR','cent','','Ireland (IE1)','IE','IRL','Ireland','150','154',1,'353','IE.png'),
(376,'(IL1)','Israeli','376','shekel','ILS','agora','?','State of Israel','IL','ISR','Israel','142','145',0,'972','IL.png'),
(380,'Rome','Italian','380','euro','EUR','cent','','Italian Republic','IT','ITA','Italy','150','039',1,'39','IT.png'),
(384,'Yamoussoukro (CI1)','Ivorian','384','CFA franc (BCEAO)','XOF','centime','XOF','Republic of Côte dIvoire','CI','CIV','Côte d\'Ivoire','002','011',0,'225','CI.png'),
(388,'Kingston','Jamaican','388','Jamaica dollar','JMD','cent','$','Jamaica','JM','JAM','Jamaica','019','029',0,'1','JM.png'),
(392,'Tokyo','Japanese','392','yen (inv.)','JPY','(sen (inv.)) (JP1)','¥','Japan','JP','JPN','Japan','142','030',0,'81','JP.png'),
(398,'Astana','Kazakh','398','tenge (inv.)','KZT','tiyn','??','Republic of Kazakhstan','KZ','KAZ','Kazakhstan','142','143',0,'7','KZ.png'),
(400,'Amman','Jordanian','400','Jordanian dinar','JOD','100 qirsh','JOD','Hashemite Kingdom of Jordan','JO','JOR','Jordan','142','145',0,'962','JO.png'),
(404,'Nairobi','Kenyan','404','Kenyan shilling','KES','cent','KES','Republic of Kenya','KE','KEN','Kenya','002','014',0,'254','KE.png'),
(408,'Pyongyang','North Korean','408','North Korean won (inv.)','KPW','chun (inv.)','?','Democratic Peoples Republic of Korea','KP','PRK','Korea, Democratic People\'s Republic of','142','030',0,'850','KP.png'),
(410,'Seoul','South Korean','410','South Korean won (inv.)','KRW','(chun (inv.))','?','Republic of Korea','KR','KOR','Korea, Republic of','142','030',0,'82','KR.png'),
(414,'Kuwait City','Kuwaiti','414','Kuwaiti dinar','KWD','fils (inv.)','KWD','State of Kuwait','KW','KWT','Kuwait','142','145',0,'965','KW.png'),
(417,'Bishkek','Kyrgyz','417','som','KGS','tyiyn','??','Kyrgyz Republic','KG','KGZ','Kyrgyzstan','142','143',0,'996','KG.png'),
(418,'Vientiane','Lao','418','kip (inv.)','LAK','(at (inv.))','?','Lao Peoples Democratic Republic','LA','LAO','Lao People\'s Democratic Republic','142','035',0,'856','LA.png'),
(422,'Beirut','Lebanese','422','Lebanese pound','LBP','(piastre)','£','Lebanese Republic','LB','LBN','Lebanon','142','145',0,'961','LB.png'),
(426,'Maseru','Basotho','426','loti (pl. maloti)','LSL','sente','L','Kingdom of Lesotho','LS','LSO','Lesotho','002','018',0,'266','LS.png'),
(428,'Riga','Latvian','428','euro','EUR','cent','Ls','Republic of Latvia','LV','LVA','Latvia','150','154',1,'371','LV.png'),
(430,'Monrovia','Liberian','430','Liberian dollar','LRD','cent','$','Republic of Liberia','LR','LBR','Liberia','002','011',0,'231','LR.png'),
(434,'Tripoli','Libyan','434','Libyan dinar','LYD','dirham','LYD','Socialist Peoples Libyan Arab Jamahiriya','LY','LBY','Libya','002','015',0,'218','LY.png'),
(438,'Vaduz','Liechtensteiner','438','Swiss franc','CHF','centime','CHF','Principality of Liechtenstein','LI','LIE','Liechtenstein','150','155',1,'423','LI.png'),
(440,'Vilnius','Lithuanian','440','euro','EUR','cent','Lt','Republic of Lithuania','LT','LTU','Lithuania','150','154',1,'370','LT.png'),
(442,'Luxembourg','Luxembourger','442','euro','EUR','cent','','Grand Duchy of Luxembourg','LU','LUX','Luxembourg','150','155',1,'352','LU.png'),
(446,'Macao (MO3)','Macanese','446','pataca','MOP','avo','MOP','Macao Special Administrative Region of the Peoples Republic of China (MO2)','MO','MAC','Macao','142','030',0,'853','MO.png'),
(450,'Antananarivo','Malagasy','450','ariary','MGA','iraimbilanja (inv.)','MGA','Republic of Madagascar','MG','MDG','Madagascar','002','014',0,'261','MG.png'),
(454,'Lilongwe','Malawian','454','Malawian kwacha (inv.)','MWK','tambala (inv.)','MK','Republic of Malawi','MW','MWI','Malawi','002','014',0,'265','MW.png'),
(458,'Kuala Lumpur (MY1)','Malaysian','458','ringgit (inv.)','MYR','sen (inv.)','RM','Malaysia','MY','MYS','Malaysia','142','035',0,'60','MY.png'),
(462,'Malé','Maldivian','462','rufiyaa','MVR','laari (inv.)','Rf','Republic of Maldives','MV','MDV','Maldives','142','034',0,'960','MV.png'),
(466,'Bamako','Malian','466','CFA franc (BCEAO)','XOF','centime','XOF','Republic of Mali','ML','MLI','Mali','002','011',0,'223','ML.png'),
(470,'Valletta','Maltese','470','euro','EUR','cent','MTL','Republic of Malta','MT','MLT','Malta','150','039',1,'356','MT.png'),
(474,'Fort-de-France','Martinican','474','euro','EUR','cent','','Martinique','MQ','MTQ','Martinique','019','029',0,'596','MQ.png'),
(478,'Nouakchott','Mauritanian','478','ouguiya','MRO','khoum','UM','Islamic Republic of Mauritania','MR','MRT','Mauritania','002','011',0,'222','MR.png'),
(480,'Port Louis','Mauritian','480','Mauritian rupee','MUR','cent','?','Republic of Mauritius','MU','MUS','Mauritius','002','014',0,'230','MU.png'),
(484,'Mexico City','Mexican','484','Mexican peso','MXN','centavo','$','United Mexican States','MX','MEX','Mexico','019','013',0,'52','MX.png'),
(492,'Monaco','Monegasque','492','euro','EUR','cent','','Principality of Monaco','MC','MCO','Monaco','150','155',0,'377','MC.png'),
(496,'Ulan Bator','Mongolian','496','tugrik','MNT','möngö (inv.)','?','Mongolia','MN','MNG','Mongolia','142','030',0,'976','MN.png'),
(498,'Chisinau','Moldovan','498','Moldovan leu (pl. lei)','MDL','ban','MDL','Republic of Moldova','MD','MDA','Moldova, Republic of','150','151',0,'373','MD.png'),
(499,'Podgorica','Montenegrin','499','euro','EUR','cent','','Montenegro','ME','MNE','Montenegro','150','039',0,'382','ME.png'),
(500,'Plymouth (MS2)','Montserratian','500','East Caribbean dollar','XCD','cent','$','Montserrat','MS','MSR','Montserrat','019','029',0,'1','MS.png'),
(504,'Rabat','Moroccan','504','Moroccan dirham','MAD','centime','MAD','Kingdom of Morocco','MA','MAR','Morocco','002','015',0,'212','MA.png'),
(508,'Maputo','Mozambican','508','metical','MZN','centavo','MT','Republic of Mozambique','MZ','MOZ','Mozambique','002','014',0,'258','MZ.png'),
(512,'Muscat','Omani','512','Omani rial','OMR','baiza','?','Sultanate of Oman','OM','OMN','Oman','142','145',0,'968','OM.png'),
(516,'Windhoek','Namibian','516','Namibian dollar','NAD','cent','$','Republic of Namibia','NA','NAM','Namibia','002','018',0,'264','NA.png'),
(520,'Yaren','Nauruan','520','Australian dollar','AUD','cent','$','Republic of Nauru','NR','NRU','Nauru','009','057',0,'674','NR.png'),
(524,'Kathmandu','Nepalese','524','Nepalese rupee','NPR','paisa (inv.)','?','Nepal','NP','NPL','Nepal','142','034',0,'977','NP.png'),
(528,'Amsterdam (NL2)','Dutch','528','euro','EUR','cent','','Kingdom of the Netherlands','NL','NLD','Netherlands','150','155',1,'31','NL.png'),
(531,'Willemstad','Curaçaoan','531','Netherlands Antillean guilder (CW1)','ANG','cent',NULL,'Curaçao','CW','CUW','Curaçao','019','029',0,'599',NULL),
(533,'Oranjestad','Aruban','533','Aruban guilder','AWG','cent','','Aruba','AW','ABW','Aruba','019','029',0,'297','AW.png'),
(534,'Philipsburg','Sint Maartener','534','Netherlands Antillean guilder (SX1)','ANG','cent',NULL,'Sint Maarten','SX','SXM','Sint Maarten (Dutch part)','019','029',0,'721',NULL),
(535,NULL,'of Bonaire, Sint Eustatius and Saba','535','US dollar','USD','cent',NULL,NULL,'BQ','BES','Bonaire, Sint Eustatius and Saba','019','029',0,'599',NULL),
(540,'Nouméa','New Caledonian','540','CFP franc','XPF','centime','XPF','New Caledonia','NC','NCL','New Caledonia','009','054',0,'687','NC.png'),
(548,'Port Vila','Vanuatuan','548','vatu (inv.)','VUV','','Vt','Republic of Vanuatu','VU','VUT','Vanuatu','009','054',0,'678','VU.png'),
(554,'Wellington','New Zealander','554','New Zealand dollar','NZD','cent','$','New Zealand','NZ','NZL','New Zealand','009','053',0,'64','NZ.png'),
(558,'Managua','Nicaraguan','558','córdoba oro','NIO','centavo','C$','Republic of Nicaragua','NI','NIC','Nicaragua','019','013',0,'505','NI.png'),
(562,'Niamey','Nigerien','562','CFA franc (BCEAO)','XOF','centime','XOF','Republic of Niger','NE','NER','Niger','002','011',0,'227','NE.png'),
(566,'Abuja','Nigerian','566','naira (inv.)','NGN','kobo (inv.)','?','Federal Republic of Nigeria','NG','NGA','Nigeria','002','011',0,'234','NG.png'),
(570,'Alofi','Niuean','570','New Zealand dollar','NZD','cent','$','Niue','NU','NIU','Niue','009','061',0,'683','NU.png'),
(574,'Kingston','Norfolk Islander','574','Australian dollar','AUD','cent','$','Territory of Norfolk Island','NF','NFK','Norfolk Island','009','053',0,'672','NF.png'),
(578,'Oslo','Norwegian','578','Norwegian krone (pl. kroner)','NOK','øre (inv.)','kr','Kingdom of Norway','NO','NOR','Norway','150','154',1,'47','NO.png'),
(580,'Saipan','Northern Mariana Islander','580','US dollar','USD','cent','$','Commonwealth of the Northern Mariana Islands','MP','MNP','Northern Mariana Islands','009','057',0,'1','MP.png'),
(581,'United States Minor Outlying Islands','of United States Minor Outlying Islands','581','US dollar','USD','cent','$','United States Minor Outlying Islands','UM','UMI','United States Minor Outlying Islands','','',0,'1','UM.png'),
(583,'Palikir','Micronesian','583','US dollar','USD','cent','$','Federated States of Micronesia','FM','FSM','Micronesia, Federated States of','009','057',0,'691','FM.png'),
(584,'Majuro','Marshallese','584','US dollar','USD','cent','$','Republic of the Marshall Islands','MH','MHL','Marshall Islands','009','057',0,'692','MH.png'),
(585,'Melekeok','Palauan','585','US dollar','USD','cent','$','Republic of Palau','PW','PLW','Palau','009','057',0,'680','PW.png'),
(586,'Islamabad','Pakistani','586','Pakistani rupee','PKR','paisa','?','Islamic Republic of Pakistan','PK','PAK','Pakistan','142','034',0,'92','PK.png'),
(591,'Panama City','Panamanian','591','balboa','PAB','centésimo','B/.','Republic of Panama','PA','PAN','Panama','019','013',0,'507','PA.png'),
(598,'Port Moresby','Papua New Guinean','598','kina (inv.)','PGK','toea (inv.)','PGK','Independent State of Papua New Guinea','PG','PNG','Papua New Guinea','009','054',0,'675','PG.png'),
(600,'Asunción','Paraguayan','600','guaraní','PYG','céntimo','Gs','Republic of Paraguay','PY','PRY','Paraguay','019','005',0,'595','PY.png'),
(604,'Lima','Peruvian','604','new sol','PEN','céntimo','S/.','Republic of Peru','PE','PER','Peru','019','005',0,'51','PE.png'),
(608,'Manila','Filipino','608','Philippine peso','PHP','centavo','Php','Republic of the Philippines','PH','PHL','Philippines','142','035',0,'63','PH.png'),
(612,'Adamstown','Pitcairner','612','New Zealand dollar','NZD','cent','$','Pitcairn Islands','PN','PCN','Pitcairn','009','061',0,'649','PN.png'),
(616,'Warsaw','Polish','616','zloty','PLN','grosz (pl. groszy)','z?','Republic of Poland','PL','POL','Poland','150','151',1,'48','PL.png'),
(620,'Lisbon','Portuguese','620','euro','EUR','cent','','Portuguese Republic','PT','PRT','Portugal','150','039',1,'351','PT.png'),
(624,'Bissau','Guinea-Bissau national','624','CFA franc (BCEAO)','XOF','centime','XOF','Republic of Guinea-Bissau','GW','GNB','Guinea-Bissau','002','011',0,'245','GW.png'),
(626,'Dili','East Timorese','626','US dollar','USD','cent','$','Democratic Republic of East Timor','TL','TLS','Timor-Leste','142','035',0,'670','TL.png'),
(630,'San Juan','Puerto Rican','630','US dollar','USD','cent','$','Commonwealth of Puerto Rico','PR','PRI','Puerto Rico','019','029',0,'1','PR.png'),
(634,'Doha','Qatari','634','Qatari riyal','QAR','dirham','?','State of Qatar','QA','QAT','Qatar','142','145',0,'974','QA.png'),
(638,'Saint-Denis','Reunionese','638','euro','EUR','cent','','Réunion','RE','REU','Réunion','002','014',0,'262','RE.png'),
(642,'Bucharest','Romanian','642','Romanian leu (pl. lei)','RON','ban (pl. bani)','lei','Romania','RO','ROU','Romania','150','151',1,'40','RO.png'),
(643,'Moscow','Russian','643','Russian rouble','RUB','kopek','???','Russian Federation','RU','RUS','Russian Federation','150','151',0,'7','RU.png'),
(646,'Kigali','Rwandan; Rwandese','646','Rwandese franc','RWF','centime','RWF','Republic of Rwanda','RW','RWA','Rwanda','002','014',0,'250','RW.png'),
(652,'Gustavia','of Saint Barthélemy','652','euro','EUR','cent',NULL,'Collectivity of Saint Barthélemy','BL','BLM','Saint Barthélemy','019','029',0,'590',NULL),
(654,'Jamestown','Saint Helenian','654','Saint Helena pound','SHP','penny','£','Saint Helena, Ascension and Tristan da Cunha','SH','SHN','Saint Helena, Ascension and Tristan da Cunha','002','011',0,'290','SH.png'),
(659,'Basseterre','Kittsian; Nevisian','659','East Caribbean dollar','XCD','cent','$','Federation of Saint Kitts and Nevis','KN','KNA','Saint Kitts and Nevis','019','029',0,'1','KN.png'),
(660,'The Valley','Anguillan','660','East Caribbean dollar','XCD','cent','$','Anguilla','AI','AIA','Anguilla','019','029',0,'1','AI.png'),
(662,'Castries','Saint Lucian','662','East Caribbean dollar','XCD','cent','$','Saint Lucia','LC','LCA','Saint Lucia','019','029',0,'1','LC.png'),
(663,'Marigot','of Saint Martin','663','euro','EUR','cent',NULL,'Collectivity of Saint Martin','MF','MAF','Saint Martin (French part)','019','029',0,'590',NULL),
(666,'Saint-Pierre','St-Pierrais; Miquelonnais','666','euro','EUR','cent','','Territorial Collectivity of Saint Pierre and Miquelon','PM','SPM','Saint Pierre and Miquelon','019','021',0,'508','PM.png'),
(670,'Kingstown','Vincentian','670','East Caribbean dollar','XCD','cent','$','Saint Vincent and the Grenadines','VC','VCT','Saint Vincent and the Grenadines','019','029',0,'1','VC.png'),
(674,'San Marino','San Marinese','674','euro','EUR ','cent','','Republic of San Marino','SM','SMR','San Marino','150','039',0,'378','SM.png'),
(678,'São Tomé','São Toméan','678','dobra','STD','centavo','Db','Democratic Republic of São Tomé and Príncipe','ST','STP','Sao Tome and Principe','002','017',0,'239','ST.png'),
(682,'Riyadh','Saudi Arabian','682','riyal','SAR','halala','?','Kingdom of Saudi Arabia','SA','SAU','Saudi Arabia','142','145',0,'966','SA.png'),
(686,'Dakar','Senegalese','686','CFA franc (BCEAO)','XOF','centime','XOF','Republic of Senegal','SN','SEN','Senegal','002','011',0,'221','SN.png'),
(688,'Belgrade','Serb','688','Serbian dinar','RSD','para (inv.)',NULL,'Republic of Serbia','RS','SRB','Serbia','150','039',0,'381',NULL),
(690,'Victoria','Seychellois','690','Seychelles rupee','SCR','cent','?','Republic of Seychelles','SC','SYC','Seychelles','002','014',0,'248','SC.png'),
(694,'Freetown','Sierra Leonean','694','leone','SLL','cent','Le','Republic of Sierra Leone','SL','SLE','Sierra Leone','002','011',0,'232','SL.png'),
(702,'Singapore','Singaporean','702','Singapore dollar','SGD','cent','$','Republic of Singapore','SG','SGP','Singapore','142','035',0,'65','SG.png'),
(703,'Bratislava','Slovak','703','euro','EUR','cent','Sk','Slovak Republic','SK','SVK','Slovakia','150','151',1,'421','SK.png'),
(704,'Hanoi','Vietnamese','704','dong','VND','(10 hào','?','Socialist Republic of Vietnam','VN','VNM','Viet Nam','142','035',0,'84','VN.png'),
(705,'Ljubljana','Slovene','705','euro','EUR','cent','','Republic of Slovenia','SI','SVN','Slovenia','150','039',1,'386','SI.png'),
(706,'Mogadishu','Somali','706','Somali shilling','SOS','cent','S','Somali Republic','SO','SOM','Somalia','002','014',0,'252','SO.png'),
(710,'Pretoria (ZA1)','South African','710','rand','ZAR','cent','R','Republic of South Africa','ZA','ZAF','South Africa','002','018',0,'27','ZA.png'),
(716,'Harare','Zimbabwean','716','Zimbabwe dollar (ZW1)','ZWL','cent','Z$','Republic of Zimbabwe','ZW','ZWE','Zimbabwe','002','014',0,'263','ZW.png'),
(724,'Madrid','Spaniard','724','euro','EUR','cent','','Kingdom of Spain','ES','ESP','Spain','150','039',1,'34','ES.png'),
(728,'Juba','South Sudanese','728','South Sudanese pound','SSP','piaster',NULL,'Republic of South Sudan','SS','SSD','South Sudan','002','015',0,'211',NULL),
(729,'Khartoum','Sudanese','729','Sudanese pound','SDG','piastre',NULL,'Republic of the Sudan','SD','SDN','Sudan','002','015',0,'249',NULL),
(732,'Al aaiun','Sahrawi','732','Moroccan dirham','MAD','centime','MAD','Western Sahara','EH','ESH','Western Sahara','002','015',0,'212','EH.png'),
(740,'Paramaribo','Surinamese','740','Surinamese dollar','SRD','cent','$','Republic of Suriname','SR','SUR','Suriname','019','005',0,'597','SR.png'),
(744,'Longyearbyen','of Svalbard','744','Norwegian krone (pl. kroner)','NOK','øre (inv.)','kr','Svalbard and Jan Mayen','SJ','SJM','Svalbard and Jan Mayen','150','154',0,'47','SJ.png'),
(748,'Mbabane','Swazi','748','lilangeni','SZL','cent','SZL','Kingdom of Swaziland','SZ','SWZ','Swaziland','002','018',0,'268','SZ.png'),
(752,'Stockholm','Swedish','752','krona (pl. kronor)','SEK','öre (inv.)','kr','Kingdom of Sweden','SE','SWE','Sweden','150','154',1,'46','SE.png'),
(756,'Berne','Swiss','756','Swiss franc','CHF','centime','CHF','Swiss Confederation','CH','CHE','Switzerland','150','155',1,'41','CH.png'),
(760,'Damascus','Syrian','760','Syrian pound','SYP','piastre','£','Syrian Arab Republic','SY','SYR','Syrian Arab Republic','142','145',0,'963','SY.png'),
(762,'Dushanbe','Tajik','762','somoni','TJS','diram','TJS','Republic of Tajikistan','TJ','TJK','Tajikistan','142','143',0,'992','TJ.png'),
(764,'Bangkok','Thai','764','baht (inv.)','THB','satang (inv.)','?','Kingdom of Thailand','TH','THA','Thailand','142','035',0,'66','TH.png'),
(768,'Lomé','Togolese','768','CFA franc (BCEAO)','XOF','centime','XOF','Togolese Republic','TG','TGO','Togo','002','011',0,'228','TG.png'),
(772,'(TK2)','Tokelauan','772','New Zealand dollar','NZD','cent','$','Tokelau','TK','TKL','Tokelau','009','061',0,'690','TK.png'),
(776,'Nukualofa','Tongan','776','paanga (inv.)','TOP','seniti (inv.)','T$','Kingdom of Tonga','TO','TON','Tonga','009','061',0,'676','TO.png'),
(780,'Port of Spain','Trinidadian; Tobagonian','780','Trinidad and Tobago dollar','TTD','cent','TT$','Republic of Trinidad and Tobago','TT','TTO','Trinidad and Tobago','019','029',0,'1','TT.png'),
(784,'Abu Dhabi','Emirian','784','UAE dirham','AED','fils (inv.)','AED','United Arab Emirates','AE','ARE','United Arab Emirates','142','145',0,'971','AE.png'),
(788,'Tunis','Tunisian','788','Tunisian dinar','TND','millime','TND','Republic of Tunisia','TN','TUN','Tunisia','002','015',0,'216','TN.png'),
(792,'Ankara','Turk','792','Turkish lira (inv.)','TRY','kurus (inv.)','?','Republic of Turkey','TR','TUR','Turkey','142','145',0,'90','TR.png'),
(795,'Ashgabat','Turkmen','795','Turkmen manat (inv.)','TMT','tenge (inv.)','m','Turkmenistan','TM','TKM','Turkmenistan','142','143',0,'993','TM.png'),
(796,'Cockburn Town','Turks and Caicos Islander','796','US dollar','USD','cent','$','Turks and Caicos Islands','TC','TCA','Turks and Caicos Islands','019','029',0,'1','TC.png'),
(798,'Funafuti','Tuvaluan','798','Australian dollar','AUD','cent','$','Tuvalu','TV','TUV','Tuvalu','009','061',0,'688','TV.png'),
(800,'Kampala','Ugandan','800','Uganda shilling','UGX','cent','UGX','Republic of Uganda','UG','UGA','Uganda','002','014',0,'256','UG.png'),
(804,'Kiev','Ukrainian','804','hryvnia','UAH','kopiyka','?','Ukraine','UA','UKR','Ukraine','150','151',0,'380','UA.png'),
(807,'Skopje','of the former Yugoslav Republic of Macedonia','807','denar (pl. denars)','MKD','deni (inv.)','???','the former Yugoslav Republic of Macedonia','MK','MKD','Macedonia, the former Yugoslav Republic of','150','039',0,'389','MK.png'),
(818,'Cairo','Egyptian','818','Egyptian pound','EGP','piastre','£','Arab Republic of Egypt','EG','EGY','Egypt','002','015',0,'20','EG.png'),
(826,'London','British','826','pound sterling','GBP','penny (pl. pence)','£','United Kingdom of Great Britain and Northern Ireland','GB','GBR','United Kingdom','150','154',1,'44','GB.png'),
(831,'St Peter Port','of Guernsey','831','Guernsey pound (GG2)','GGP (GG2)','penny (pl. pence)',NULL,'Bailiwick of Guernsey','GG','GGY','Guernsey','150','154',0,'44',NULL),
(832,'St Helier','of Jersey','832','Jersey pound (JE2)','JEP (JE2)','penny (pl. pence)',NULL,'Bailiwick of Jersey','JE','JEY','Jersey','150','154',0,'44',NULL),
(833,'Douglas','Manxman; Manxwoman','833','Manx pound (IM2)','IMP (IM2)','penny (pl. pence)',NULL,'Isle of Man','IM','IMN','Isle of Man','150','154',0,'44',NULL),
(834,'Dodoma (TZ1)','Tanzanian','834','Tanzanian shilling','TZS','cent','TZS','United Republic of Tanzania','TZ','TZA','Tanzania, United Republic of','002','014',0,'255','TZ.png'),
(840,'Washington DC','American','840','US dollar','USD','cent','$','United States of America','US','USA','United States','019','021',0,'1','US.png'),
(850,'Charlotte Amalie','US Virgin Islander','850','US dollar','USD','cent','$','United States Virgin Islands','VI','VIR','Virgin Islands, U.S.','019','029',0,'1','VI.png'),
(854,'Ouagadougou','Burkinabe','854','CFA franc (BCEAO)','XOF','centime','XOF','Burkina Faso','BF','BFA','Burkina Faso','002','011',0,'226','BF.png'),
(858,'Montevideo','Uruguayan','858','Uruguayan peso','UYU','centésimo','$U','Eastern Republic of Uruguay','UY','URY','Uruguay','019','005',0,'598','UY.png'),
(860,'Tashkent','Uzbek','860','sum (inv.)','UZS','tiyin (inv.)','??','Republic of Uzbekistan','UZ','UZB','Uzbekistan','142','143',0,'998','UZ.png'),
(862,'Caracas','Venezuelan','862','bolívar fuerte (pl. bolívares fuertes)','VEF','céntimo','Bs','Bolivarian Republic of Venezuela','VE','VEN','Venezuela, Bolivarian Republic of','019','005',0,'58','VE.png'),
(876,'Mata-Utu','Wallisian; Futunan; Wallis and Futuna Islander','876','CFP franc','XPF','centime','XPF','Wallis and Futuna','WF','WLF','Wallis and Futuna','009','061',0,'681','WF.png'),
(882,'Apia','Samoan','882','tala (inv.)','WST','sene (inv.)','WS$','Independent State of Samoa','WS','WSM','Samoa','009','061',0,'685','WS.png'),
(887,'Sana','Yemenite','887','Yemeni rial','YER','fils (inv.)','?','Republic of Yemen','YE','YEM','Yemen','142','145',0,'967','YE.png'),
(894,'Lusaka','Zambian','894','Zambian kwacha (inv.)','ZMW','ngwee (inv.)','ZK','Republic of Zambia','ZM','ZMB','Zambia','002','014',0,'260','ZM.png');

/*Table structure for table `deliverables` */

DROP TABLE IF EXISTS `deliverables`;

CREATE TABLE `deliverables` (
  `id` int(10) unsigned NOT NULL AUTO_INCREMENT,
  `title` varchar(191) COLLATE utf8mb4_unicode_ci NOT NULL,
  `dateandtime` int(11) NOT NULL,
  PRIMARY KEY (`id`)
) ENGINE=InnoDB DEFAULT CHARSET=utf8mb4 COLLATE=utf8mb4_unicode_ci;

/*Data for the table `deliverables` */

/*Table structure for table `groups` */

DROP TABLE IF EXISTS `groups`;

CREATE TABLE `groups` (
  `id` int(10) unsigned NOT NULL AUTO_INCREMENT,
  `name` varchar(255) COLLATE utf8_unicode_ci NOT NULL,
  `group_creator_id` int(11) DEFAULT NULL,
  `public_or_not` tinyint(1) NOT NULL DEFAULT '0',
  PRIMARY KEY (`id`)
) ENGINE=InnoDB AUTO_INCREMENT=22 DEFAULT CHARSET=utf8 COLLATE=utf8_unicode_ci;

/*Data for the table `groups` */

insert  into `groups`(`id`,`name`,`group_creator_id`,`public_or_not`) values 
(1,'GT',NULL,0),
(2,'Vandours',NULL,0),
(3,'My Contacts',NULL,0),
(4,'My Companies',NULL,0),
(17,'RajaPersonalGroup',6,1),
(18,'Raja Personal Group 2',6,1),
(19,'My Jeddah Clients',6,1),
(20,'ggroup1',6,1),
(21,'test',6,1);

/*Table structure for table `migrations` */

DROP TABLE IF EXISTS `migrations`;

CREATE TABLE `migrations` (
  `id` int(10) unsigned NOT NULL AUTO_INCREMENT,
  `migration` varchar(255) COLLATE utf8_unicode_ci NOT NULL,
  `batch` int(11) NOT NULL,
  PRIMARY KEY (`id`)
) ENGINE=InnoDB AUTO_INCREMENT=21 DEFAULT CHARSET=utf8 COLLATE=utf8_unicode_ci;

/*Data for the table `migrations` */

insert  into `migrations`(`id`,`migration`,`batch`) values 
(1,'2014_10_12_100000_create_password_resets_table',1),
(2,'2015_08_25_172600_create_settings_table',1),
(3,'2015_09_19_191655_setup_countries_table',1),
(4,'2015_10_10_170827_create_users_table',1),
(5,'2015_10_10_171049_create_social_login_table',1),
(6,'2015_12_24_080704_setup_authorization_tables',1),
(7,'2015_12_24_152327_create_sessions_table',1),
(8,'2015_12_29_224252_create_user_activity_table',1),
(9,'2015_12_30_171734_add_foreign_keys',1),
(10,'2017_04_13_200254_create_api_tokens_table',1),
(11,'2017_10_30_150232_create_groups_table',2),
(12,'2017_10_30_151648_create_contacts_in_groups_table',2),
(13,'2017_10_30_151732_create_companies_in_groups_table',2),
(14,'2017_10_30_182711_create_company_comments_table',2),
(15,'2017_10_30_182712_update_user_mail_documents_table',2),
(16,'2017_10_30_184908_create_attach_files_table',2),
(17,'2017_11_01_184908_update_attach_files_table',3),
(18,'2017_11_01_184909_update_groups_table',4),
(19,'2017_11_05_171751_create_phone_calls_table',5),
(20,'2017_11_05_184909_add_new_columns',5);

/*Table structure for table `password_resets` */

DROP TABLE IF EXISTS `password_resets`;

CREATE TABLE `password_resets` (
  `email` varchar(255) COLLATE utf8_unicode_ci NOT NULL,
  `token` varchar(255) COLLATE utf8_unicode_ci NOT NULL,
  `created_at` timestamp NOT NULL DEFAULT CURRENT_TIMESTAMP ON UPDATE CURRENT_TIMESTAMP,
  KEY `password_resets_email_index` (`email`),
  KEY `password_resets_token_index` (`token`)
) ENGINE=InnoDB DEFAULT CHARSET=utf8 COLLATE=utf8_unicode_ci;

/*Data for the table `password_resets` */

insert  into `password_resets`(`email`,`token`,`created_at`) values 
('raja.shahzad@gmail.com','$2y$10$ZCwd0OKP8kIPDj8l5DnZT.3bslv3iGtoryUqc/9.RaZCrq7xP4qPu','2017-10-12 18:57:55');

/*Table structure for table `permission_role` */

DROP TABLE IF EXISTS `permission_role`;

CREATE TABLE `permission_role` (
  `permission_id` int(10) unsigned NOT NULL,
  `role_id` int(10) unsigned NOT NULL,
  PRIMARY KEY (`permission_id`,`role_id`),
  KEY `permission_role_role_id_foreign` (`role_id`),
  CONSTRAINT `permission_role_permission_id_foreign` FOREIGN KEY (`permission_id`) REFERENCES `permissions` (`id`) ON DELETE CASCADE ON UPDATE CASCADE,
  CONSTRAINT `permission_role_role_id_foreign` FOREIGN KEY (`role_id`) REFERENCES `roles` (`id`) ON DELETE CASCADE ON UPDATE CASCADE
) ENGINE=InnoDB DEFAULT CHARSET=utf8 COLLATE=utf8_unicode_ci;

/*Data for the table `permission_role` */

insert  into `permission_role`(`permission_id`,`role_id`) values 
(1,1),
(2,1),
(3,1),
(4,1),
(5,1),
(6,1),
(7,1);

/*Table structure for table `permissions` */

DROP TABLE IF EXISTS `permissions`;

CREATE TABLE `permissions` (
  `id` int(10) unsigned NOT NULL AUTO_INCREMENT,
  `name` varchar(255) COLLATE utf8_unicode_ci NOT NULL,
  `display_name` varchar(255) COLLATE utf8_unicode_ci DEFAULT NULL,
  `description` varchar(255) COLLATE utf8_unicode_ci DEFAULT NULL,
  `removable` tinyint(1) NOT NULL DEFAULT '1',
  `created_at` timestamp NULL DEFAULT NULL,
  `updated_at` timestamp NULL DEFAULT NULL,
  PRIMARY KEY (`id`),
  UNIQUE KEY `permissions_name_unique` (`name`)
) ENGINE=InnoDB AUTO_INCREMENT=8 DEFAULT CHARSET=utf8 COLLATE=utf8_unicode_ci;

/*Data for the table `permissions` */

insert  into `permissions`(`id`,`name`,`display_name`,`description`,`removable`,`created_at`,`updated_at`) values 
(1,'users.manage','Manage Users','Manage users and their sessions.',0,'2017-09-26 03:05:23','2017-09-26 03:05:23'),
(2,'users.activity','View System Activity Log','View activity log for all system users.',0,'2017-09-26 03:05:23','2017-09-26 03:05:23'),
(3,'roles.manage','Manage Roles','Manage system roles.',0,'2017-09-26 03:05:23','2017-09-26 03:05:23'),
(4,'permissions.manage','Manage Permissions','Manage role permissions.',0,'2017-09-26 03:05:23','2017-09-26 03:05:23'),
(5,'settings.general','Update General System Settings','',0,'2017-09-26 03:05:23','2017-09-26 03:05:23'),
(6,'settings.auth','Update Authentication Settings','Update authentication and registration system settings.',0,'2017-09-26 03:05:23','2017-09-26 03:05:23'),
(7,'settings.notifications','Update Notifications Settings','',0,'2017-09-26 03:05:23','2017-09-26 03:05:23');

/*Table structure for table `phone_calls` */

DROP TABLE IF EXISTS `phone_calls`;

CREATE TABLE `phone_calls` (
  `id` int(10) unsigned NOT NULL AUTO_INCREMENT,
  `client_id` int(11) NOT NULL,
  `type` enum('contact','company') COLLATE utf8_unicode_ci NOT NULL DEFAULT 'contact',
  `contact_name` varchar(255) COLLATE utf8_unicode_ci NOT NULL,
  `contact_title` varchar(255) COLLATE utf8_unicode_ci NOT NULL,
  `call_minutes` varchar(255) COLLATE utf8_unicode_ci NOT NULL,
  `created_at` timestamp NULL DEFAULT NULL,
  `updated_at` timestamp NULL DEFAULT NULL,
  PRIMARY KEY (`id`)
) ENGINE=InnoDB AUTO_INCREMENT=3 DEFAULT CHARSET=utf8 COLLATE=utf8_unicode_ci;

/*Data for the table `phone_calls` */

insert  into `phone_calls`(`id`,`client_id`,`type`,`contact_name`,`contact_title`,`call_minutes`,`created_at`,`updated_at`) values 
(1,216,'contact','Abdul Hamid Malki','marketing','call tomorro','2017-11-06 03:59:48','2017-11-06 03:59:48'),
(2,216,'contact','test','test','test','2017-11-06 04:52:03','2017-11-06 04:52:03');

/*Table structure for table `project_entries` */

DROP TABLE IF EXISTS `project_entries`;

CREATE TABLE `project_entries` (
  `entry_id` int(10) NOT NULL AUTO_INCREMENT,
  `priority` int(11) NOT NULL DEFAULT '1',
  `entry_type` varchar(20) NOT NULL,
  `project_id` int(10) NOT NULL,
  `entry_title` text CHARACTER SET utf8 COLLATE utf8_unicode_ci NOT NULL,
  `entry_status` varchar(20) NOT NULL,
  `created` datetime NOT NULL,
  `updated` datetime DEFAULT NULL,
  `start_date` date NOT NULL,
  `end_date` date NOT NULL,
  `date_completed` datetime NOT NULL,
  `agent_id` int(11) NOT NULL,
  `added_by` int(11) NOT NULL,
  `message_three_days` tinyint(1) DEFAULT '0',
  `message_final` tinyint(1) DEFAULT '0',
  PRIMARY KEY (`entry_id`)
) ENGINE=MyISAM AUTO_INCREMENT=6 DEFAULT CHARSET=latin1;

/*Data for the table `project_entries` */

insert  into `project_entries`(`entry_id`,`priority`,`entry_type`,`project_id`,`entry_title`,`entry_status`,`created`,`updated`,`start_date`,`end_date`,`date_completed`,`agent_id`,`added_by`,`message_three_days`,`message_final`) values 
(1,1,'Task',3,'this is a test title','In progress','2017-10-17 12:32:53','2017-10-17 12:32:53','2017-10-17','2017-10-14','0000-00-00 00:00:00',1,0,0,0),
(2,1,'Task',3,'this i another test title','Completed','2017-10-17 12:33:57','2017-10-17 12:33:57','2017-10-17','2017-10-10','0000-00-00 00:00:00',1,0,0,0),
(3,1,'Task',3,'this is test task 26','In progress','2017-10-17 12:41:01','2017-10-17 12:41:01','2017-10-17','2017-10-18','0000-00-00 00:00:00',6,0,0,0),
(4,1,'Task',3,'task for raja','Completed','2017-10-17 13:04:15','2017-10-17 13:04:15','2017-10-17','2017-10-18','0000-00-00 00:00:00',1,0,0,0),
(5,1,'Task',3,'task for admin','Not started','2017-10-17 13:04:54','2017-10-17 13:04:54','2017-10-17','2017-10-12','0000-00-00 00:00:00',6,0,0,0);

/*Table structure for table `project_entries_agents` */

DROP TABLE IF EXISTS `project_entries_agents`;

CREATE TABLE `project_entries_agents` (
  `project_entries_agents` int(11) NOT NULL AUTO_INCREMENT,
  `entry_id` int(11) NOT NULL,
  `agent_id` int(11) NOT NULL,
  `project_read` tinyint(3) NOT NULL DEFAULT '0',
  PRIMARY KEY (`project_entries_agents`)
) ENGINE=MyISAM AUTO_INCREMENT=6 DEFAULT CHARSET=latin1;

/*Data for the table `project_entries_agents` */

insert  into `project_entries_agents`(`project_entries_agents`,`entry_id`,`agent_id`,`project_read`) values 
(1,1,6,0),
(2,2,5,0),
(3,3,5,0),
(4,4,6,0),
(5,5,1,0);

/*Table structure for table `project_entries_comments` */

DROP TABLE IF EXISTS `project_entries_comments`;

CREATE TABLE `project_entries_comments` (
  `ec_id` int(10) NOT NULL AUTO_INCREMENT,
  `ec_comment` text CHARACTER SET utf8 COLLATE utf8_unicode_ci NOT NULL,
  `ec_date` datetime NOT NULL,
  `agent_id` int(11) NOT NULL,
  `entry_id` int(11) NOT NULL,
  PRIMARY KEY (`ec_id`)
) ENGINE=MyISAM AUTO_INCREMENT=10 DEFAULT CHARSET=latin1;

/*Data for the table `project_entries_comments` */

insert  into `project_entries_comments`(`ec_id`,`ec_comment`,`ec_date`,`agent_id`,`entry_id`) values 
(1,'i did it ','2017-10-17 11:12:10',1,1),
(2,'when did you do it ','2017-10-17 11:12:18',1,1),
(3,'this is a test comment','2017-10-17 11:12:24',1,1),
(4,'test','2017-10-17 13:06:06',6,5),
(5,'test2','2017-10-17 13:06:09',6,5),
(6,'test2','2017-10-17 13:06:09',6,5),
(7,'test3','2017-10-17 13:06:14',6,5),
(8,'test5','2017-10-17 13:06:18',6,5),
(9,'test','2017-10-17 13:07:27',1,4);

/*Table structure for table `project_general_comments` */

DROP TABLE IF EXISTS `project_general_comments`;

CREATE TABLE `project_general_comments` (
  `id` int(11) unsigned NOT NULL AUTO_INCREMENT,
  `comment` text,
  `logged_in_user_id` int(11) DEFAULT NULL,
  `project_id` int(11) DEFAULT NULL,
  `datatime` int(11) DEFAULT NULL,
  PRIMARY KEY (`id`)
) ENGINE=InnoDB AUTO_INCREMENT=8 DEFAULT CHARSET=utf8;

/*Data for the table `project_general_comments` */

insert  into `project_general_comments`(`id`,`comment`,`logged_in_user_id`,`project_id`,`datatime`) values 
(1,'this is a test',6,2,1508243108),
(2,'test',6,3,1508243118),
(3,'test 2',6,4,1508243127),
(4,'test3',6,1,1508243133),
(5,'this is the last comment',1,4,1508331392),
(6,'test',1,6,1508419088),
(7,'old comment',1,6,1508419101);

/*Table structure for table `projects` */

DROP TABLE IF EXISTS `projects`;

CREATE TABLE `projects` (
  `id` int(10) unsigned NOT NULL AUTO_INCREMENT,
  `title` varchar(191) COLLATE utf8mb4_unicode_ci NOT NULL,
  `client_id` int(11) NOT NULL,
  `service_id` int(11) NOT NULL,
  `date_time_created` int(11) NOT NULL,
  `final_delivery_date` int(11) NOT NULL DEFAULT '0',
  `stage` tinyint(4) NOT NULL DEFAULT '0',
  `estimate_cost` double(15,1) NOT NULL DEFAULT '0.0',
  `payment_terms` text COLLATE utf8mb4_unicode_ci NOT NULL,
  `project_duration` varchar(255) COLLATE utf8mb4_unicode_ci NOT NULL DEFAULT '0',
  PRIMARY KEY (`id`)
) ENGINE=InnoDB AUTO_INCREMENT=27 DEFAULT CHARSET=utf8mb4 COLLATE=utf8mb4_unicode_ci;

/*Data for the table `projects` */

insert  into `projects`(`id`,`title`,`client_id`,`service_id`,`date_time_created`,`final_delivery_date`,`stage`,`estimate_cost`,`payment_terms`,`project_duration`) values 
(1,'This is a test project title 1',216,1,1508077878,0,4,0.0,'','0'),
(2,'This is a test project title 2',216,2,1508077885,0,2,0.0,'','0'),
(3,'This is a test project title 3',216,3,1508077889,0,1,0.0,'','0'),
(4,'test',216,2,1508078141,1507766400,1,2000.0,'','6 weeks'),
(5,'new project ',186,1,1508416669,0,0,0.0,'','0'),
(6,'test5',1,1,1508419075,0,0,0.0,'','0'),
(7,'test project',216,1,1508874547,0,0,0.0,'','0'),
(8,'this is a test',216,1,1508874606,0,0,0.0,'','0'),
(9,'this is another test.',216,1,1508874632,0,0,0.0,'','0'),
(10,'another project',186,1,1508874663,0,0,0.0,'','0'),
(11,'this is project for tour',25,1,1508874980,0,0,0.0,'','0'),
(12,'test2',216,1,1508875623,0,0,0.0,'','0'),
(13,'sas',216,1,1509009041,0,0,0.0,'','0'),
(14,'orange project',216,1,1509024970,0,0,0.0,'','0'),
(15,'og2',179,1,1509024986,0,0,0.0,'','0'),
(16,'Blue Project',35,3,1509025053,0,0,0.0,'','0'),
(17,'1',21,1,1509025077,0,0,0.0,'','0'),
(18,'366',21,2,1509025133,0,0,0.0,'','0'),
(19,'Service 1 for Blue Project',35,1,1509026193,0,0,0.0,'','0'),
(20,'raja task',35,1,1509026578,0,0,0.0,'','0'),
(21,'Petromin Website Development',25,4,1509026761,0,0,0.0,'','0'),
(22,'copywriting',25,5,1509026885,0,0,0.0,'','0'),
(23,'Hello Project',216,3,1509632183,0,0,0.0,'','0'),
(24,'test project 123',180,1,1509910552,0,0,0.0,'','0'),
(25,'test project 123456',390,1,1509910580,0,0,0.0,'','0'),
(26,'test project 123456 345',180,1,1509910630,0,0,0.0,'','0');

/*Table structure for table `roles` */

DROP TABLE IF EXISTS `roles`;

CREATE TABLE `roles` (
  `id` int(10) unsigned NOT NULL AUTO_INCREMENT,
  `name` varchar(255) COLLATE utf8_unicode_ci NOT NULL,
  `display_name` varchar(255) COLLATE utf8_unicode_ci DEFAULT NULL,
  `description` varchar(255) COLLATE utf8_unicode_ci DEFAULT NULL,
  `removable` tinyint(1) NOT NULL DEFAULT '1',
  `created_at` timestamp NULL DEFAULT NULL,
  `updated_at` timestamp NULL DEFAULT NULL,
  PRIMARY KEY (`id`),
  UNIQUE KEY `roles_name_unique` (`name`)
) ENGINE=InnoDB AUTO_INCREMENT=4 DEFAULT CHARSET=utf8 COLLATE=utf8_unicode_ci;

/*Data for the table `roles` */

insert  into `roles`(`id`,`name`,`display_name`,`description`,`removable`,`created_at`,`updated_at`) values 
(1,'Admin','Admin','System administrator.',0,'2017-09-26 03:05:23','2017-09-26 03:05:23'),
(2,'User','User','Default system user.',0,'2017-09-26 03:05:23','2017-09-26 03:05:23'),
(3,'ABC','ABC','ABC',1,'2017-10-11 16:58:56','2017-10-15 19:55:02');

/*Table structure for table `service_deliverables` */

DROP TABLE IF EXISTS `service_deliverables`;

CREATE TABLE `service_deliverables` (
  `id` int(10) unsigned NOT NULL AUTO_INCREMENT,
  `deliverable_id` int(11) NOT NULL,
  `service_id` int(11) NOT NULL,
  `client_id` int(11) NOT NULL,
  `date_time` int(11) NOT NULL,
  PRIMARY KEY (`id`)
) ENGINE=InnoDB AUTO_INCREMENT=32 DEFAULT CHARSET=utf8mb4 COLLATE=utf8mb4_unicode_ci;

/*Data for the table `service_deliverables` */

insert  into `service_deliverables`(`id`,`deliverable_id`,`service_id`,`client_id`,`date_time`) values 
(1,2,3,341,1505732406),
(2,3,3,341,1505732406),
(14,1,20,341,1505803655),
(15,6,20,341,1505803655),
(16,7,20,341,1505803655),
(24,3,31,341,1505821729),
(25,2,39,13,1506386494),
(26,3,39,13,1506386494),
(29,3,44,41,1507722753),
(30,4,44,41,1507722753),
(31,6,44,41,1507722753);

/*Table structure for table `services` */

DROP TABLE IF EXISTS `services`;

CREATE TABLE `services` (
  `id` int(10) unsigned NOT NULL AUTO_INCREMENT,
  `title` varchar(191) COLLATE utf8mb4_unicode_ci NOT NULL,
  PRIMARY KEY (`id`)
) ENGINE=InnoDB AUTO_INCREMENT=6 DEFAULT CHARSET=utf8mb4 COLLATE=utf8mb4_unicode_ci;

/*Data for the table `services` */

insert  into `services`(`id`,`title`) values 
(1,'Service 1'),
(2,'Service 2'),
(3,'Service 3'),
(4,'Service 4'),
(5,'Service 5');

/*Table structure for table `sessions` */

DROP TABLE IF EXISTS `sessions`;

CREATE TABLE `sessions` (
  `id` varchar(255) COLLATE utf8_unicode_ci NOT NULL,
  `user_id` int(11) DEFAULT NULL,
  `ip_address` varchar(45) COLLATE utf8_unicode_ci DEFAULT NULL,
  `user_agent` text COLLATE utf8_unicode_ci,
  `payload` text COLLATE utf8_unicode_ci NOT NULL,
  `last_activity` int(11) NOT NULL,
  UNIQUE KEY `sessions_id_unique` (`id`)
) ENGINE=InnoDB DEFAULT CHARSET=utf8 COLLATE=utf8_unicode_ci;

/*Data for the table `sessions` */

insert  into `sessions`(`id`,`user_id`,`ip_address`,`user_agent`,`payload`,`last_activity`) values 
('lfQepLSwRCLZiQmS4lAvYt5T2CJaWNyxXN8z39QA',1,'::1','Mozilla/5.0 (Macintosh; Intel Mac OS X 10_12_6) AppleWebKit/537.36 (KHTML, like Gecko) Chrome/61.0.3163.100 Safari/537.36','YTo0OntzOjY6Il90b2tlbiI7czo0MDoiNkpFYUY0R2RIaGtIaUtTblFTNGtrUlBVNkI5ck1PRTBsbnZZRWFucyI7czo5OiJfcHJldmlvdXMiO2E6MTp7czozOiJ1cmwiO3M6NTk6Imh0dHA6Ly9sb2NhbGhvc3Q6ODg4OC92YW5ndWFyZC9wdWJsaWMvY2xpZW50X3Byb2plY3RzP2lkPTEzIjt9czo2OiJfZmxhc2giO2E6Mjp7czozOiJvbGQiO2E6MDp7fXM6MzoibmV3IjthOjA6e319czo1MDoibG9naW5fd2ViXzU5YmEzNmFkZGMyYjJmOTQwMTU4MGYwMTRjN2Y1OGVhNGUzMDk4OWQiO2k6MTt9',1506386507),
('MreYiDEfVvgZ1KiY1quYJJ2782KMXE8iuG4jkeiz',1,'::1','Mozilla/5.0 (Macintosh; Intel Mac OS X 10_12_6) AppleWebKit/537.36 (KHTML, like Gecko) Chrome/61.0.3163.100 Safari/537.36','YTo1OntzOjY6Il90b2tlbiI7czo0MDoiaFVEMVBndXJOeWk2ajlTTGRCenhCaGF2aGlRdEdDWFFSZ3Vac0wxRiI7czozOiJ1cmwiO2E6MDp7fXM6OToiX3ByZXZpb3VzIjthOjE6e3M6MzoidXJsIjtzOjUyOiJodHRwOi8vbG9jYWxob3N0Ojg4ODgvdmFuZ3VhcmQvcHVibGljL2luZm8vY29tcGFuaWVzIjt9czo2OiJfZmxhc2giO2E6Mjp7czozOiJvbGQiO2E6MDp7fXM6MzoibmV3IjthOjA6e319czo1MDoibG9naW5fd2ViXzU5YmEzNmFkZGMyYjJmOTQwMTU4MGYwMTRjN2Y1OGVhNGUzMDk4OWQiO2k6MTt9',1506410108);

/*Table structure for table `settings` */

DROP TABLE IF EXISTS `settings`;

CREATE TABLE `settings` (
  `id` int(10) unsigned NOT NULL AUTO_INCREMENT,
  `key` varchar(255) COLLATE utf8_unicode_ci NOT NULL,
  `value` text COLLATE utf8_unicode_ci NOT NULL,
  PRIMARY KEY (`id`),
  KEY `settings_key_index` (`key`)
) ENGINE=InnoDB DEFAULT CHARSET=utf8 COLLATE=utf8_unicode_ci;

/*Data for the table `settings` */

/*Table structure for table `social_logins` */

DROP TABLE IF EXISTS `social_logins`;

CREATE TABLE `social_logins` (
  `id` int(10) unsigned NOT NULL AUTO_INCREMENT,
  `user_id` int(10) unsigned NOT NULL,
  `provider` varchar(50) COLLATE utf8_unicode_ci NOT NULL,
  `provider_id` varchar(255) COLLATE utf8_unicode_ci NOT NULL,
  `avatar` varchar(255) COLLATE utf8_unicode_ci NOT NULL,
  `created_at` timestamp NOT NULL DEFAULT CURRENT_TIMESTAMP ON UPDATE CURRENT_TIMESTAMP,
  PRIMARY KEY (`id`),
  KEY `social_logins_user_id_foreign` (`user_id`),
  CONSTRAINT `social_logins_user_id_foreign` FOREIGN KEY (`user_id`) REFERENCES `users` (`id`) ON DELETE CASCADE
) ENGINE=InnoDB DEFAULT CHARSET=utf8 COLLATE=utf8_unicode_ci;

/*Data for the table `social_logins` */

/*Table structure for table `timeline` */

DROP TABLE IF EXISTS `timeline`;

CREATE TABLE `timeline` (
  `id` int(11) unsigned NOT NULL AUTO_INCREMENT,
  `datetimeadded` int(11) DEFAULT NULL,
  `service_id` int(11) DEFAULT NULL,
  `deliverable_id` int(11) DEFAULT NULL,
  `delivery_date` int(11) DEFAULT NULL,
  PRIMARY KEY (`id`)
) ENGINE=InnoDB AUTO_INCREMENT=3 DEFAULT CHARSET=utf8;

/*Data for the table `timeline` */

insert  into `timeline`(`id`,`datetimeadded`,`service_id`,`deliverable_id`,`delivery_date`) values 
(1,1506386507,39,2,1505520000),
(2,1506386507,39,3,1504828800);

/*Table structure for table `user_activity` */

DROP TABLE IF EXISTS `user_activity`;

CREATE TABLE `user_activity` (
  `id` int(10) unsigned NOT NULL AUTO_INCREMENT,
  `description` text COLLATE utf8_unicode_ci NOT NULL,
  `user_id` int(10) unsigned NOT NULL,
  `ip_address` varchar(45) COLLATE utf8_unicode_ci NOT NULL,
  `user_agent` text COLLATE utf8_unicode_ci NOT NULL,
  `created_at` timestamp NOT NULL DEFAULT CURRENT_TIMESTAMP ON UPDATE CURRENT_TIMESTAMP,
  PRIMARY KEY (`id`),
  KEY `user_activity_user_id_foreign` (`user_id`),
  CONSTRAINT `user_activity_user_id_foreign` FOREIGN KEY (`user_id`) REFERENCES `users` (`id`) ON DELETE CASCADE
) ENGINE=InnoDB AUTO_INCREMENT=151 DEFAULT CHARSET=utf8 COLLATE=utf8_unicode_ci;

/*Data for the table `user_activity` */

insert  into `user_activity`(`id`,`description`,`user_id`,`ip_address`,`user_agent`,`created_at`) values 
(1,'Logged in.',1,'::1','Mozilla/5.0 (Macintosh; Intel Mac OS X 10_12_6) AppleWebKit/537.36 (KHTML, like Gecko) Chrome/61.0.3163.100 Safari/537.36','2017-09-26 03:05:31'),
(2,'Logged in.',1,'::1','Mozilla/5.0 (Macintosh; Intel Mac OS X 10_12_6) AppleWebKit/537.36 (KHTML, like Gecko) Chrome/61.0.3163.100 Safari/537.36','2017-09-26 13:01:41'),
(3,'Logged out.',1,'::1','Mozilla/5.0 (Macintosh; Intel Mac OS X 10_12_6) AppleWebKit/537.36 (KHTML, like Gecko) Chrome/61.0.3163.100 Safari/537.36','2017-09-26 14:13:18'),
(4,'Logged in.',1,'::1','Mozilla/5.0 (Macintosh; Intel Mac OS X 10_12_6) AppleWebKit/537.36 (KHTML, like Gecko) Chrome/61.0.3163.100 Safari/537.36','2017-09-26 14:13:33'),
(5,'Logged in.',1,'::1','Mozilla/5.0 (Macintosh; Intel Mac OS X 10_12_6) AppleWebKit/537.36 (KHTML, like Gecko) Chrome/61.0.3163.100 Safari/537.36','2017-10-08 00:36:52'),
(6,'Logged in.',1,'::1','Mozilla/5.0 (Macintosh; Intel Mac OS X 10_12_6) AppleWebKit/604.1.38 (KHTML, like Gecko) Version/11.0 Safari/604.1.38','2017-10-08 00:38:23'),
(7,'Logged in.',1,'::1','Mozilla/5.0 (Macintosh; Intel Mac OS X 10_12_6) AppleWebKit/537.36 (KHTML, like Gecko) Chrome/61.0.3163.100 Safari/537.36','2017-10-08 13:29:02'),
(8,'Logged in.',1,'::1','Mozilla/5.0 (Macintosh; Intel Mac OS X 10_12_6) AppleWebKit/537.36 (KHTML, like Gecko) Chrome/61.0.3163.100 Safari/537.36','2017-10-10 15:46:34'),
(9,'Logged in.',1,'::1','Mozilla/5.0 (Macintosh; Intel Mac OS X 10_12_6) AppleWebKit/537.36 (KHTML, like Gecko) Chrome/61.0.3163.100 Safari/537.36','2017-10-11 12:10:30'),
(10,'Created new role called ABC.',1,'::1','Mozilla/5.0 (Macintosh; Intel Mac OS X 10_12_6) AppleWebKit/537.36 (KHTML, like Gecko) Chrome/61.0.3163.100 Safari/537.36','2017-10-11 16:58:56'),
(11,'Updated profile details for Vanguard.',1,'::1','Mozilla/5.0 (Macintosh; Intel Mac OS X 10_12_6) AppleWebKit/537.36 (KHTML, like Gecko) Chrome/61.0.3163.100 Safari/537.36','2017-10-11 16:59:33'),
(12,'Logged in.',1,'37.216.246.34','Mozilla/5.0 (Windows NT 10.0; Win64; x64) AppleWebKit/537.36 (KHTML, like Gecko) Chrome/61.0.3163.100 Safari/537.36','2017-10-12 18:53:11'),
(13,'Logged out.',1,'37.216.246.34','Mozilla/5.0 (Windows NT 10.0; Win64; x64) AppleWebKit/537.36 (KHTML, like Gecko) Chrome/61.0.3163.100 Safari/537.36','2017-10-12 18:54:46'),
(14,'Requested password reset email.',5,'37.216.246.34','Mozilla/5.0 (Windows NT 10.0; Win64; x64) AppleWebKit/537.36 (KHTML, like Gecko) Chrome/61.0.3163.100 Safari/537.36','2017-10-12 18:55:39'),
(15,'Requested password reset email.',5,'37.216.246.34','Mozilla/5.0 (Windows NT 10.0; Win64; x64) AppleWebKit/537.36 (KHTML, like Gecko) Chrome/61.0.3163.100 Safari/537.36','2017-10-12 18:57:57'),
(16,'Logged in.',1,'37.216.246.34','Mozilla/5.0 (Windows NT 10.0; Win64; x64) AppleWebKit/537.36 (KHTML, like Gecko) Chrome/61.0.3163.100 Safari/537.36','2017-10-12 18:59:22'),
(17,'Logged out.',1,'37.216.246.34','Mozilla/5.0 (Windows NT 10.0; Win64; x64) AppleWebKit/537.36 (KHTML, like Gecko) Chrome/61.0.3163.100 Safari/537.36','2017-10-12 18:59:27'),
(18,'Logged in.',1,'37.216.246.34','Mozilla/5.0 (Windows NT 10.0; Win64; x64) AppleWebKit/537.36 (KHTML, like Gecko) Chrome/61.0.3163.100 Safari/537.36','2017-10-12 18:59:49'),
(19,'Updated profile details for czxc czxczxc.',1,'37.216.246.34','Mozilla/5.0 (Windows NT 10.0; Win64; x64) AppleWebKit/537.36 (KHTML, like Gecko) Chrome/61.0.3163.100 Safari/537.36','2017-10-12 19:10:39'),
(20,'Logged out.',1,'37.216.246.34','Mozilla/5.0 (Windows NT 10.0; Win64; x64) AppleWebKit/537.36 (KHTML, like Gecko) Chrome/61.0.3163.100 Safari/537.36','2017-10-12 19:10:42'),
(21,'Logged in.',5,'37.216.246.34','Mozilla/5.0 (Windows NT 10.0; Win64; x64) AppleWebKit/537.36 (KHTML, like Gecko) Chrome/61.0.3163.100 Safari/537.36','2017-10-12 19:10:46'),
(22,'Logged out.',5,'37.216.246.34','Mozilla/5.0 (Windows NT 10.0; Win64; x64) AppleWebKit/537.36 (KHTML, like Gecko) Chrome/61.0.3163.100 Safari/537.36','2017-10-12 19:13:48'),
(23,'Logged in.',1,'37.216.246.34','Mozilla/5.0 (Windows NT 10.0; Win64; x64) AppleWebKit/537.36 (KHTML, like Gecko) Chrome/61.0.3163.100 Safari/537.36','2017-10-12 19:13:53'),
(24,'Logged out.',1,'37.216.246.34','Mozilla/5.0 (Windows NT 10.0; Win64; x64) AppleWebKit/537.36 (KHTML, like Gecko) Chrome/61.0.3163.100 Safari/537.36','2017-10-12 19:15:30'),
(25,'Logged in.',1,'37.216.246.34','Mozilla/5.0 (Windows NT 10.0; Win64; x64) AppleWebKit/537.36 (KHTML, like Gecko) Chrome/61.0.3163.100 Safari/537.36','2017-10-12 19:15:35'),
(26,'Logged out.',1,'37.216.246.34','Mozilla/5.0 (Windows NT 10.0; Win64; x64) AppleWebKit/537.36 (KHTML, like Gecko) Chrome/61.0.3163.100 Safari/537.36','2017-10-12 19:25:58'),
(27,'Logged in.',5,'37.216.246.34','Mozilla/5.0 (Windows NT 10.0; Win64; x64) AppleWebKit/537.36 (KHTML, like Gecko) Chrome/61.0.3163.100 Safari/537.36','2017-10-12 19:26:02'),
(28,'Logged out.',5,'37.216.246.34','Mozilla/5.0 (Windows NT 10.0; Win64; x64) AppleWebKit/537.36 (KHTML, like Gecko) Chrome/61.0.3163.100 Safari/537.36','2017-10-12 19:27:04'),
(29,'Logged in.',6,'37.216.246.34','Mozilla/5.0 (Windows NT 10.0; Win64; x64) AppleWebKit/537.36 (KHTML, like Gecko) Chrome/61.0.3163.100 Safari/537.36','2017-10-12 19:27:10'),
(30,'Logged in.',1,'37.216.246.34','Mozilla/5.0 (Windows NT 10.0; Win64; x64) AppleWebKit/537.36 (KHTML, like Gecko) Chrome/61.0.3163.100 Safari/537.36','2017-10-12 20:23:19'),
(31,'Logged in.',1,'37.216.246.34','Mozilla/5.0 (Windows NT 10.0; Win64; x64) AppleWebKit/537.36 (KHTML, like Gecko) Chrome/61.0.3163.100 Safari/537.36','2017-10-15 16:05:43'),
(32,'Logged in.',1,'37.216.246.34','Mozilla/5.0 (Windows NT 10.0; Win64; x64) AppleWebKit/537.36 (KHTML, like Gecko) Chrome/61.0.3163.100 Safari/537.36','2017-10-15 17:53:38'),
(33,'Logged out.',1,'37.216.246.34','Mozilla/5.0 (Windows NT 10.0; Win64; x64) AppleWebKit/537.36 (KHTML, like Gecko) Chrome/61.0.3163.100 Safari/537.36','2017-10-15 18:08:30'),
(34,'Logged in.',1,'37.216.246.34','Mozilla/5.0 (Windows NT 10.0; Win64; x64) AppleWebKit/537.36 (KHTML, like Gecko) Chrome/61.0.3163.100 Safari/537.36','2017-10-15 18:08:55'),
(35,'Logged out.',1,'37.216.246.34','Mozilla/5.0 (Windows NT 10.0; Win64; x64) AppleWebKit/537.36 (KHTML, like Gecko) Chrome/61.0.3163.100 Safari/537.36','2017-10-15 18:59:44'),
(36,'Logged in.',1,'37.216.246.34','Mozilla/5.0 (Windows NT 10.0; Win64; x64) AppleWebKit/537.36 (KHTML, like Gecko) Chrome/61.0.3163.100 Safari/537.36','2017-10-15 18:59:55'),
(37,'Updated role with name Account Managers.',1,'37.216.246.34','Mozilla/5.0 (Windows NT 10.0; Win64; x64) AppleWebKit/537.36 (KHTML, like Gecko) Chrome/61.0.3163.100 Safari/537.36','2017-10-15 19:01:00'),
(38,'Updated role with name Account Manager.',1,'37.216.246.34','Mozilla/5.0 (Windows NT 10.0; Win64; x64) AppleWebKit/537.36 (KHTML, like Gecko) Chrome/61.0.3163.100 Safari/537.36','2017-10-15 19:01:17'),
(39,'Logged out.',1,'37.216.246.34','Mozilla/5.0 (Windows NT 10.0; Win64; x64) AppleWebKit/537.36 (KHTML, like Gecko) Chrome/61.0.3163.100 Safari/537.36','2017-10-15 19:46:55'),
(40,'Logged in.',1,'37.216.246.34','Mozilla/5.0 (Windows NT 10.0; Win64; x64) AppleWebKit/537.36 (KHTML, like Gecko) Chrome/61.0.3163.100 Safari/537.36','2017-10-15 19:46:58'),
(41,'Logged out.',1,'37.216.246.34','Mozilla/5.0 (Windows NT 10.0; Win64; x64) AppleWebKit/537.36 (KHTML, like Gecko) Chrome/61.0.3163.100 Safari/537.36','2017-10-15 19:47:36'),
(42,'Logged in.',1,'37.216.246.34','Mozilla/5.0 (Windows NT 10.0; Win64; x64) AppleWebKit/537.36 (KHTML, like Gecko) Chrome/61.0.3163.100 Safari/537.36','2017-10-15 19:47:50'),
(43,'Logged out.',1,'37.216.246.34','Mozilla/5.0 (Windows NT 10.0; Win64; x64) AppleWebKit/537.36 (KHTML, like Gecko) Chrome/61.0.3163.100 Safari/537.36','2017-10-15 19:48:16'),
(44,'Logged in.',1,'37.216.246.34','Mozilla/5.0 (Windows NT 10.0; Win64; x64) AppleWebKit/537.36 (KHTML, like Gecko) Chrome/61.0.3163.100 Safari/537.36','2017-10-15 19:48:20'),
(45,'Logged out.',1,'37.216.246.34','Mozilla/5.0 (Windows NT 10.0; Win64; x64) AppleWebKit/537.36 (KHTML, like Gecko) Chrome/61.0.3163.100 Safari/537.36','2017-10-15 19:48:28'),
(46,'Logged in.',6,'37.216.246.34','Mozilla/5.0 (Windows NT 10.0; Win64; x64) AppleWebKit/537.36 (KHTML, like Gecko) Chrome/61.0.3163.100 Safari/537.36','2017-10-15 19:48:36'),
(47,'Logged out.',6,'37.216.246.34','Mozilla/5.0 (Windows NT 10.0; Win64; x64) AppleWebKit/537.36 (KHTML, like Gecko) Chrome/61.0.3163.100 Safari/537.36','2017-10-15 19:54:24'),
(48,'Logged in.',1,'37.216.246.34','Mozilla/5.0 (Windows NT 10.0; Win64; x64) AppleWebKit/537.36 (KHTML, like Gecko) Chrome/61.0.3163.100 Safari/537.36','2017-10-15 19:54:31'),
(49,'Updated role with name ABC.',1,'37.216.246.34','Mozilla/5.0 (Windows NT 10.0; Win64; x64) AppleWebKit/537.36 (KHTML, like Gecko) Chrome/61.0.3163.100 Safari/537.36','2017-10-15 19:55:02'),
(50,'Logged out.',1,'37.216.246.34','Mozilla/5.0 (Windows NT 10.0; Win64; x64) AppleWebKit/537.36 (KHTML, like Gecko) Chrome/61.0.3163.100 Safari/537.36','2017-10-15 20:10:23'),
(51,'Logged in.',1,'37.216.246.34','Mozilla/5.0 (Windows NT 10.0; Win64; x64) AppleWebKit/537.36 (KHTML, like Gecko) Chrome/61.0.3163.100 Safari/537.36','2017-10-15 20:10:27'),
(52,'Logged out.',1,'37.216.246.34','Mozilla/5.0 (Windows NT 10.0; Win64; x64) AppleWebKit/537.36 (KHTML, like Gecko) Chrome/61.0.3163.100 Safari/537.36','2017-10-15 20:21:20'),
(53,'Logged in.',1,'37.216.246.34','Mozilla/5.0 (Windows NT 10.0; Win64; x64) AppleWebKit/537.36 (KHTML, like Gecko) Chrome/61.0.3163.100 Safari/537.36','2017-10-15 20:22:15'),
(54,'Logged out.',1,'37.216.246.34','Mozilla/5.0 (Windows NT 10.0; Win64; x64) AppleWebKit/537.36 (KHTML, like Gecko) Chrome/61.0.3163.100 Safari/537.36','2017-10-15 21:04:17'),
(55,'Logged in.',1,'37.216.246.34','Mozilla/5.0 (Windows NT 10.0; Win64; x64) AppleWebKit/537.36 (KHTML, like Gecko) Chrome/61.0.3163.100 Safari/537.36','2017-10-15 21:04:25'),
(56,'Logged out.',1,'37.216.246.34','Mozilla/5.0 (Windows NT 10.0; Win64; x64) AppleWebKit/537.36 (KHTML, like Gecko) Chrome/61.0.3163.100 Safari/537.36','2017-10-15 21:52:46'),
(57,'Logged in.',1,'37.216.246.34','Mozilla/5.0 (Windows NT 10.0; Win64; x64) AppleWebKit/537.36 (KHTML, like Gecko) Chrome/61.0.3163.100 Safari/537.36','2017-10-15 21:52:51'),
(58,'Logged out.',1,'37.216.246.34','Mozilla/5.0 (Windows NT 10.0; Win64; x64) AppleWebKit/537.36 (KHTML, like Gecko) Chrome/61.0.3163.100 Safari/537.36','2017-10-15 22:00:18'),
(59,'Logged in.',1,'37.216.246.34','Mozilla/5.0 (Windows NT 10.0; Win64; x64) AppleWebKit/537.36 (KHTML, like Gecko) Chrome/61.0.3163.100 Safari/537.36','2017-10-15 22:06:14'),
(60,'Logged in.',1,'37.216.246.34','Mozilla/5.0 (Windows NT 10.0; Win64; x64) AppleWebKit/537.36 (KHTML, like Gecko) Chrome/61.0.3163.100 Safari/537.36','2017-10-16 15:50:02'),
(61,'Logged in.',1,'37.216.246.34','Mozilla/5.0 (Windows NT 10.0; Win64; x64) AppleWebKit/537.36 (KHTML, like Gecko) Chrome/61.0.3163.100 Safari/537.36','2017-10-17 14:40:22'),
(62,'Logged in.',6,'37.216.246.34','Mozilla/5.0 (Windows NT 10.0; Win64; x64) AppleWebKit/537.36 (KHTML, like Gecko) Chrome/61.0.3163.100 Safari/537.36','2017-10-17 17:56:48'),
(63,'Updated profile details for raja@gt.com.',1,'37.216.246.34','Mozilla/5.0 (Windows NT 10.0; Win64; x64) AppleWebKit/537.36 (KHTML, like Gecko) Chrome/61.0.3163.100 Safari/537.36','2017-10-17 19:38:07'),
(64,'Updated profile details for raja@gt.com.',1,'37.216.246.34','Mozilla/5.0 (Windows NT 10.0; Win64; x64) AppleWebKit/537.36 (KHTML, like Gecko) Chrome/61.0.3163.100 Safari/537.36','2017-10-17 19:39:49'),
(65,'Updated profile details for raja@gt.com.',1,'37.216.246.34','Mozilla/5.0 (Windows NT 10.0; Win64; x64) AppleWebKit/537.36 (KHTML, like Gecko) Chrome/61.0.3163.100 Safari/537.36','2017-10-17 19:40:25'),
(66,'Updated profile details for raja@gt.com.',1,'37.216.246.34','Mozilla/5.0 (Windows NT 10.0; Win64; x64) AppleWebKit/537.36 (KHTML, like Gecko) Chrome/61.0.3163.100 Safari/537.36','2017-10-17 19:44:36'),
(67,'Logged in.',1,'37.216.246.34','Mozilla/5.0 (Windows NT 10.0; Win64; x64) AppleWebKit/537.36 (KHTML, like Gecko) Chrome/61.0.3163.100 Safari/537.36','2017-10-18 18:57:38'),
(68,'Logged in.',1,'37.216.246.34','Mozilla/5.0 (Windows NT 10.0; Win64; x64) AppleWebKit/537.36 (KHTML, like Gecko) Chrome/62.0.3202.62 Safari/537.36','2017-10-19 19:31:09'),
(69,'Logged out.',1,'37.216.246.34','Mozilla/5.0 (Windows NT 10.0; Win64; x64) AppleWebKit/537.36 (KHTML, like Gecko) Chrome/62.0.3202.62 Safari/537.36','2017-10-19 20:39:19'),
(70,'Logged in.',6,'37.216.246.34','Mozilla/5.0 (Windows NT 10.0; Win64; x64) AppleWebKit/537.36 (KHTML, like Gecko) Chrome/62.0.3202.62 Safari/537.36','2017-10-19 20:39:35'),
(71,'Logged out.',6,'37.216.246.34','Mozilla/5.0 (Windows NT 10.0; Win64; x64) AppleWebKit/537.36 (KHTML, like Gecko) Chrome/62.0.3202.62 Safari/537.36','2017-10-19 21:16:57'),
(72,'Logged in.',1,'37.216.246.34','Mozilla/5.0 (Windows NT 10.0; Win64; x64) AppleWebKit/537.36 (KHTML, like Gecko) Chrome/62.0.3202.62 Safari/537.36','2017-10-19 21:17:21'),
(73,'Logged in.',1,'37.216.246.34','Mozilla/5.0 (Windows NT 10.0; Win64; x64) AppleWebKit/537.36 (KHTML, like Gecko) Chrome/62.0.3202.62 Safari/537.36','2017-10-23 18:39:51'),
(74,'Logged out.',1,'37.216.246.34','Mozilla/5.0 (Windows NT 10.0; Win64; x64) AppleWebKit/537.36 (KHTML, like Gecko) Chrome/62.0.3202.62 Safari/537.36','2017-10-23 18:58:33'),
(75,'Logged in.',1,'37.216.246.34','Mozilla/5.0 (Windows NT 10.0; Win64; x64) AppleWebKit/537.36 (KHTML, like Gecko) Chrome/62.0.3202.62 Safari/537.36','2017-10-23 18:58:39'),
(76,'Logged out.',1,'37.216.246.34','Mozilla/5.0 (Windows NT 10.0; Win64; x64) AppleWebKit/537.36 (KHTML, like Gecko) Chrome/62.0.3202.62 Safari/537.36','2017-10-23 18:58:57'),
(77,'Logged in.',1,'37.216.246.34','Mozilla/5.0 (Windows NT 10.0; Win64; x64) AppleWebKit/537.36 (KHTML, like Gecko) Chrome/62.0.3202.62 Safari/537.36','2017-10-23 19:03:49'),
(78,'Updated role with name ABC.',1,'37.216.246.34','Mozilla/5.0 (Windows NT 10.0; Win64; x64) AppleWebKit/537.36 (KHTML, like Gecko) Chrome/62.0.3202.62 Safari/537.36','2017-10-23 19:04:33'),
(79,'Logged out.',1,'37.216.246.34','Mozilla/5.0 (Windows NT 10.0; Win64; x64) AppleWebKit/537.36 (KHTML, like Gecko) Chrome/62.0.3202.62 Safari/537.36','2017-10-23 19:05:53'),
(80,'Logged in.',1,'37.216.246.34','Mozilla/5.0 (Windows NT 10.0; Win64; x64) AppleWebKit/537.36 (KHTML, like Gecko) Chrome/62.0.3202.62 Safari/537.36','2017-10-23 19:06:05'),
(81,'Logged out.',1,'37.216.246.34','Mozilla/5.0 (Windows NT 10.0; Win64; x64) AppleWebKit/537.36 (KHTML, like Gecko) Chrome/62.0.3202.62 Safari/537.36','2017-10-23 19:06:49'),
(82,'Logged in.',1,'37.216.246.34','Mozilla/5.0 (Windows NT 10.0; Win64; x64) AppleWebKit/537.36 (KHTML, like Gecko) Chrome/62.0.3202.62 Safari/537.36','2017-10-23 19:06:55'),
(83,'Updated profile details for raja@gt.com.',1,'37.216.246.34','Mozilla/5.0 (Windows NT 10.0; Win64; x64) AppleWebKit/537.36 (KHTML, like Gecko) Chrome/62.0.3202.62 Safari/537.36','2017-10-23 19:08:08'),
(84,'Logged out.',1,'37.216.246.34','Mozilla/5.0 (Windows NT 10.0; Win64; x64) AppleWebKit/537.36 (KHTML, like Gecko) Chrome/62.0.3202.62 Safari/537.36','2017-10-23 19:08:20'),
(85,'Logged in.',6,'37.216.246.34','Mozilla/5.0 (Windows NT 10.0; Win64; x64) AppleWebKit/537.36 (KHTML, like Gecko) Chrome/62.0.3202.62 Safari/537.36','2017-10-23 19:08:33'),
(86,'Logged in.',1,'37.216.246.34','Mozilla/5.0 (Windows NT 10.0; Win64; x64) AppleWebKit/537.36 (KHTML, like Gecko) Chrome/62.0.3202.62 Safari/537.36','2017-10-24 16:50:59'),
(87,'Logged out.',1,'37.216.246.34','Mozilla/5.0 (Windows NT 10.0; Win64; x64) AppleWebKit/537.36 (KHTML, like Gecko) Chrome/62.0.3202.62 Safari/537.36','2017-10-24 16:51:08'),
(88,'Logged in.',6,'37.216.246.34','Mozilla/5.0 (Windows NT 10.0; Win64; x64) AppleWebKit/537.36 (KHTML, like Gecko) Chrome/62.0.3202.62 Safari/537.36','2017-10-24 16:51:21'),
(89,'Logged out.',6,'37.216.246.34','Mozilla/5.0 (Windows NT 10.0; Win64; x64) AppleWebKit/537.36 (KHTML, like Gecko) Chrome/62.0.3202.62 Safari/537.36','2017-10-24 19:15:24'),
(90,'Logged in.',1,'37.216.246.34','Mozilla/5.0 (Windows NT 10.0; Win64; x64) AppleWebKit/537.36 (KHTML, like Gecko) Chrome/62.0.3202.62 Safari/537.36','2017-10-24 19:15:28'),
(91,'Logged out.',1,'37.216.246.34','Mozilla/5.0 (Windows NT 10.0; Win64; x64) AppleWebKit/537.36 (KHTML, like Gecko) Chrome/62.0.3202.62 Safari/537.36','2017-10-24 21:05:40'),
(92,'Logged in.',6,'37.216.246.34','Mozilla/5.0 (Windows NT 10.0; Win64; x64) AppleWebKit/537.36 (KHTML, like Gecko) Chrome/62.0.3202.62 Safari/537.36','2017-10-24 21:06:30'),
(93,'Logged in.',6,'46.184.10.215','Mozilla/5.0 (Windows NT 10.0; Win64; x64) AppleWebKit/537.36 (KHTML, like Gecko) Chrome/61.0.3163.100 Safari/537.36','2017-10-25 02:39:15'),
(94,'Updated profile details.',6,'46.184.10.215','Mozilla/5.0 (Windows NT 10.0; Win64; x64) AppleWebKit/537.36 (KHTML, like Gecko) Chrome/61.0.3163.100 Safari/537.36','2017-10-25 02:54:08'),
(95,'Logged in.',1,'37.216.246.34','Mozilla/5.0 (Windows NT 10.0; Win64; x64) AppleWebKit/537.36 (KHTML, like Gecko) Chrome/62.0.3202.62 Safari/537.36','2017-10-25 13:50:23'),
(96,'Logged out.',1,'37.216.246.34','Mozilla/5.0 (Windows NT 10.0; Win64; x64) AppleWebKit/537.36 (KHTML, like Gecko) Chrome/62.0.3202.62 Safari/537.36','2017-10-25 14:17:39'),
(97,'Logged in.',6,'37.216.246.34','Mozilla/5.0 (Windows NT 10.0; Win64; x64) AppleWebKit/537.36 (KHTML, like Gecko) Chrome/62.0.3202.62 Safari/537.36','2017-10-25 14:17:44'),
(98,'Logged in.',1,'37.216.246.34','Mozilla/5.0 (Windows NT 10.0; Win64; x64) AppleWebKit/537.36 (KHTML, like Gecko) Chrome/62.0.3202.62 Safari/537.36','2017-10-25 20:47:16'),
(99,'Logged in.',1,'37.216.246.34','Mozilla/5.0 (Windows NT 10.0; Win64; x64) AppleWebKit/537.36 (KHTML, like Gecko) Chrome/62.0.3202.62 Safari/537.36','2017-10-26 15:19:07'),
(100,'Logged out.',1,'37.216.246.34','Mozilla/5.0 (Windows NT 10.0; Win64; x64) AppleWebKit/537.36 (KHTML, like Gecko) Chrome/62.0.3202.62 Safari/537.36','2017-10-26 16:10:14'),
(101,'Logged in.',6,'37.216.246.34','Mozilla/5.0 (Windows NT 10.0; Win64; x64) AppleWebKit/537.36 (KHTML, like Gecko) Chrome/62.0.3202.62 Safari/537.36','2017-10-26 16:10:20'),
(102,'Logged out.',6,'37.216.246.34','Mozilla/5.0 (Windows NT 10.0; Win64; x64) AppleWebKit/537.36 (KHTML, like Gecko) Chrome/62.0.3202.62 Safari/537.36','2017-10-26 19:01:43'),
(103,'Logged in.',1,'75.115.0.185','Mozilla/5.0 (Windows NT 10.0; Win64; x64) AppleWebKit/537.36 (KHTML, like Gecko) Chrome/61.0.3163.100 Safari/537.36','2017-10-26 19:01:46'),
(104,'Logged in.',1,'37.216.246.34','Mozilla/5.0 (Windows NT 10.0; Win64; x64) AppleWebKit/537.36 (KHTML, like Gecko) Chrome/62.0.3202.62 Safari/537.36','2017-10-26 19:01:48'),
(105,'Logged out.',1,'37.216.246.34','Mozilla/5.0 (Windows NT 10.0; Win64; x64) AppleWebKit/537.36 (KHTML, like Gecko) Chrome/62.0.3202.62 Safari/537.36','2017-10-26 19:02:31'),
(106,'Logged in.',6,'37.216.246.34','Mozilla/5.0 (Windows NT 10.0; Win64; x64) AppleWebKit/537.36 (KHTML, like Gecko) Chrome/62.0.3202.62 Safari/537.36','2017-10-26 19:02:37'),
(107,'Logged out.',1,'75.115.0.185','Mozilla/5.0 (Windows NT 10.0; Win64; x64) AppleWebKit/537.36 (KHTML, like Gecko) Chrome/61.0.3163.100 Safari/537.36','2017-10-26 19:02:40'),
(108,'Logged in.',6,'75.115.0.185','Mozilla/5.0 (Windows NT 10.0; Win64; x64) AppleWebKit/537.36 (KHTML, like Gecko) Chrome/61.0.3163.100 Safari/537.36','2017-10-26 19:02:55'),
(109,'Logged in.',1,'37.216.246.34','Mozilla/5.0 (Windows NT 10.0; Win64; x64) AppleWebKit/537.36 (KHTML, like Gecko) Chrome/62.0.3202.62 Safari/537.36','2017-10-29 16:55:20'),
(110,'Logged out.',1,'37.216.246.34','Mozilla/5.0 (Windows NT 10.0; Win64; x64) AppleWebKit/537.36 (KHTML, like Gecko) Chrome/62.0.3202.62 Safari/537.36','2017-10-29 16:55:27'),
(111,'Logged in.',6,'37.216.246.34','Mozilla/5.0 (Windows NT 10.0; Win64; x64) AppleWebKit/537.36 (KHTML, like Gecko) Chrome/62.0.3202.62 Safari/537.36','2017-10-29 16:55:45'),
(112,'Logged in.',6,'37.216.246.34','Mozilla/5.0 (Windows NT 10.0; Win64; x64) AppleWebKit/537.36 (KHTML, like Gecko) Chrome/62.0.3202.62 Safari/537.36','2017-10-29 21:20:48'),
(113,'Logged in.',6,'37.216.246.34','Mozilla/5.0 (Windows NT 10.0; Win64; x64) AppleWebKit/537.36 (KHTML, like Gecko) Chrome/62.0.3202.62 Safari/537.36','2017-10-30 14:17:55'),
(114,'Logged in.',1,'37.216.246.34','Mozilla/5.0 (Windows NT 10.0; Win64; x64) AppleWebKit/537.36 (KHTML, like Gecko) Chrome/62.0.3202.62 Safari/537.36','2017-10-31 15:40:40'),
(115,'Logged out.',1,'37.216.246.34','Mozilla/5.0 (Windows NT 10.0; Win64; x64) AppleWebKit/537.36 (KHTML, like Gecko) Chrome/62.0.3202.62 Safari/537.36','2017-10-31 16:59:32'),
(116,'Logged in.',6,'37.216.246.34','Mozilla/5.0 (Windows NT 10.0; Win64; x64) AppleWebKit/537.36 (KHTML, like Gecko) Chrome/62.0.3202.62 Safari/537.36','2017-10-31 16:59:45'),
(117,'Logged in.',6,'37.216.246.34','Mozilla/5.0 (Windows NT 10.0; Win64; x64) AppleWebKit/537.36 (KHTML, like Gecko) Chrome/62.0.3202.62 Safari/537.36','2017-10-31 20:36:14'),
(118,'Logged in.',6,'37.216.246.34','Mozilla/5.0 (Windows NT 10.0; Win64; x64) AppleWebKit/537.36 (KHTML, like Gecko) Chrome/62.0.3202.62 Safari/537.36','2017-11-01 15:50:39'),
(119,'Logged in.',6,'188.53.77.89','Mozilla/5.0 (Windows NT 10.0; Win64; x64) AppleWebKit/537.36 (KHTML, like Gecko) Chrome/62.0.3202.62 Safari/537.36','2017-11-01 20:50:00'),
(120,'Logged in.',6,'188.249.22.34','Mozilla/5.0 (Windows NT 10.0; Win64; x64) AppleWebKit/537.36 (KHTML, like Gecko) Chrome/61.0.3163.100 Safari/537.36','2017-11-02 02:15:14'),
(121,'Logged in.',6,'188.249.22.34','Mozilla/5.0 (Windows NT 10.0; Win64; x64) AppleWebKit/537.36 (KHTML, like Gecko) Chrome/61.0.3163.100 Safari/537.36','2017-11-02 02:15:35'),
(122,'Logged out.',6,'188.249.22.34','Mozilla/5.0 (Windows NT 10.0; Win64; x64) AppleWebKit/537.36 (KHTML, like Gecko) Chrome/61.0.3163.100 Safari/537.36','2017-11-02 02:26:54'),
(123,'Logged in.',1,'188.249.22.34','Mozilla/5.0 (Windows NT 10.0; Win64; x64) AppleWebKit/537.36 (KHTML, like Gecko) Chrome/61.0.3163.100 Safari/537.36','2017-11-02 02:27:02'),
(124,'Logged out.',1,'188.249.22.34','Mozilla/5.0 (Windows NT 10.0; Win64; x64) AppleWebKit/537.36 (KHTML, like Gecko) Chrome/61.0.3163.100 Safari/537.36','2017-11-02 02:28:13'),
(125,'Logged in.',7,'188.249.22.34','Mozilla/5.0 (Windows NT 10.0; Win64; x64) AppleWebKit/537.36 (KHTML, like Gecko) Chrome/61.0.3163.100 Safari/537.36','2017-11-02 02:28:19'),
(126,'Logged out.',7,'188.249.22.34','Mozilla/5.0 (Windows NT 10.0; Win64; x64) AppleWebKit/537.36 (KHTML, like Gecko) Chrome/61.0.3163.100 Safari/537.36','2017-11-02 03:01:25'),
(127,'Logged in.',6,'188.249.22.34','Mozilla/5.0 (Windows NT 10.0; Win64; x64) AppleWebKit/537.36 (KHTML, like Gecko) Chrome/61.0.3163.100 Safari/537.36','2017-11-02 03:01:41'),
(128,'Logged out.',6,'188.249.22.34','Mozilla/5.0 (Windows NT 10.0; Win64; x64) AppleWebKit/537.36 (KHTML, like Gecko) Chrome/61.0.3163.100 Safari/537.36','2017-11-02 03:24:30'),
(129,'Logged in.',7,'188.249.22.34','Mozilla/5.0 (Windows NT 10.0; Win64; x64) AppleWebKit/537.36 (KHTML, like Gecko) Chrome/61.0.3163.100 Safari/537.36','2017-11-02 03:24:37'),
(130,'Logged in.',6,'188.53.77.89','Mozilla/5.0 (Windows NT 10.0; Win64; x64) AppleWebKit/537.36 (KHTML, like Gecko) Chrome/62.0.3202.62 Safari/537.36','2017-11-02 18:54:47'),
(131,'Logged out.',6,'188.53.77.89','Mozilla/5.0 (Windows NT 10.0; Win64; x64) AppleWebKit/537.36 (KHTML, like Gecko) Chrome/62.0.3202.62 Safari/537.36','2017-11-02 18:59:03'),
(132,'Logged in.',6,'188.53.77.89','Mozilla/5.0 (Windows NT 10.0; Win64; x64) AppleWebKit/537.36 (KHTML, like Gecko) Chrome/62.0.3202.62 Safari/537.36','2017-11-02 18:59:13'),
(133,'Logged in.',6,'188.53.77.89','Mozilla/5.0 (Windows NT 10.0; Win64; x64) AppleWebKit/537.36 (KHTML, like Gecko) Chrome/62.0.3202.62 Safari/537.36','2017-11-02 19:17:18'),
(134,'Logged out.',6,'188.53.77.89','Mozilla/5.0 (Windows NT 10.0; Win64; x64) AppleWebKit/537.36 (KHTML, like Gecko) Chrome/62.0.3202.62 Safari/537.36','2017-11-02 20:58:53'),
(135,'Logged in.',6,'75.115.0.185','Mozilla/5.0 (Windows NT 10.0; Win64; x64) AppleWebKit/537.36 (KHTML, like Gecko) Chrome/61.0.3163.100 Safari/537.36','2017-11-02 20:58:56'),
(136,'Logged in.',6,'188.53.77.89','Mozilla/5.0 (Windows NT 10.0; Win64; x64) AppleWebKit/537.36 (KHTML, like Gecko) Chrome/62.0.3202.62 Safari/537.36','2017-11-02 20:59:06'),
(137,'Logged in.',6,'75.115.0.185','Mozilla/5.0 (Windows NT 10.0; Win64; x64) AppleWebKit/537.36 (KHTML, like Gecko) Chrome/61.0.3163.100 Safari/537.36','2017-11-03 16:45:03'),
(138,'Logged in.',6,'188.53.77.89','Mozilla/5.0 (Windows NT 10.0; Win64; x64) AppleWebKit/537.36 (KHTML, like Gecko) Chrome/62.0.3202.75 Safari/537.36','2017-11-05 18:55:36'),
(139,'Logged in.',6,'37.216.246.34','Mozilla/5.0 (Windows NT 10.0; Win64; x64) AppleWebKit/537.36 (KHTML, like Gecko) Chrome/62.0.3202.75 Safari/537.36','2017-11-05 20:50:15'),
(140,'Logged in.',6,'188.249.22.34','Mozilla/5.0 (Windows NT 10.0; Win64; x64) AppleWebKit/537.36 (KHTML, like Gecko) Chrome/61.0.3163.100 Safari/537.36','2017-11-06 03:01:28'),
(141,'Logged in.',6,'188.249.22.34','Mozilla/5.0 (Windows NT 10.0; Win64; x64) AppleWebKit/537.36 (KHTML, like Gecko) Chrome/61.0.3163.100 Safari/537.36','2017-11-06 04:58:18'),
(142,'Logged in.',6,'37.56.109.31','Mozilla/5.0 (Windows NT 10.0; Win64; x64) AppleWebKit/537.36 (KHTML, like Gecko) Chrome/62.0.3202.75 Safari/537.36','2017-11-06 21:27:15'),
(143,'Logged in.',6,'::1','Mozilla/5.0 (Windows NT 6.3; Win64; x64) AppleWebKit/537.36 (KHTML, like Gecko) Chrome/61.0.3163.100 Safari/537.36','2017-11-07 05:33:27'),
(144,'Logged in.',6,'::1','Mozilla/5.0 (Windows NT 6.3; Win64; x64) AppleWebKit/537.36 (KHTML, like Gecko) Chrome/61.0.3163.100 Safari/537.36','2017-11-07 08:53:37'),
(145,'Logged in.',6,'::1','Mozilla/5.0 (Windows NT 6.3; Win64; x64) AppleWebKit/537.36 (KHTML, like Gecko) Chrome/61.0.3163.100 Safari/537.36','2017-11-08 05:21:44'),
(146,'Logged in.',6,'127.0.0.1','Mozilla/5.0 (Windows NT 6.1; Win64; x64) AppleWebKit/537.36 (KHTML, like Gecko) Chrome/62.0.3202.75 Safari/537.36','2017-11-09 15:32:10'),
(147,'Logged out.',6,'127.0.0.1','Mozilla/5.0 (Windows NT 6.1; Win64; x64) AppleWebKit/537.36 (KHTML, like Gecko) Chrome/62.0.3202.75 Safari/537.36','2017-11-14 09:57:02'),
(148,'Logged in.',6,'127.0.0.1','Mozilla/5.0 (Windows NT 6.1; Win64; x64) AppleWebKit/537.36 (KHTML, like Gecko) Chrome/62.0.3202.75 Safari/537.36','2017-11-14 10:09:00'),
(149,'Logged in.',6,'127.0.0.1','Mozilla/5.0 (Windows NT 6.1; Win64; x64) AppleWebKit/537.36 (KHTML, like Gecko) Chrome/62.0.3202.75 Safari/537.36','2017-11-14 20:55:34'),
(150,'Logged in.',6,'127.0.0.1','Mozilla/5.0 (Windows NT 6.1; Win64; x64) AppleWebKit/537.36 (KHTML, like Gecko) Chrome/62.0.3202.75 Safari/537.36','2017-11-15 11:50:28');

/*Table structure for table `user_mail_documents` */

DROP TABLE IF EXISTS `user_mail_documents`;

CREATE TABLE `user_mail_documents` (
  `id` int(10) unsigned NOT NULL AUTO_INCREMENT,
  `user_id` int(11) NOT NULL,
  `path` varchar(255) COLLATE utf8_unicode_ci NOT NULL,
  `created_at` timestamp NULL DEFAULT NULL,
  `updated_at` timestamp NULL DEFAULT NULL,
  `title` varchar(255) COLLATE utf8_unicode_ci NOT NULL,
  PRIMARY KEY (`id`)
) ENGINE=InnoDB AUTO_INCREMENT=16 DEFAULT CHARSET=utf8 COLLATE=utf8_unicode_ci;

/*Data for the table `user_mail_documents` */

insert  into `user_mail_documents`(`id`,`user_id`,`path`,`created_at`,`updated_at`,`title`) values 
(10,6,'/storage/user_documents/61XhW3obx1L._UL1500_.jpg','2017-10-23 21:11:29','2017-10-23 21:11:29',''),
(11,6,'/storage/user_documents/Screenshot_1.png','2017-10-30 21:25:18','2017-10-30 21:25:18',''),
(12,6,'/storage/user_documents/22221533_276367832857653_9130886931751597064_n.jpg','2017-11-02 03:04:10','2017-11-02 03:04:10',''),
(13,6,'/storage/user_documents/22279475_276367942857642_834751857176545833_n.jpg','2017-11-02 03:04:22','2017-11-02 03:04:22',''),
(14,6,'/storage/user_documents/22228152_276367936190976_343688015482579457_n.jpg','2017-11-02 03:09:02','2017-11-02 03:09:02',''),
(15,6,'/storage/user_documents/22221533_276367832857653_9130886931751597064_n.jpg','2017-11-02 03:22:51','2017-11-02 03:22:51','test');

/*Table structure for table `user_mails` */

DROP TABLE IF EXISTS `user_mails`;

CREATE TABLE `user_mails` (
  `id` int(10) unsigned NOT NULL AUTO_INCREMENT,
  `user_id` int(11) NOT NULL,
  `type` varchar(255) COLLATE utf8_unicode_ci NOT NULL,
  `title` varchar(255) COLLATE utf8_unicode_ci NOT NULL,
  `description` varchar(255) COLLATE utf8_unicode_ci NOT NULL,
  `created_at` timestamp NULL DEFAULT NULL,
  `updated_at` timestamp NULL DEFAULT NULL,
  PRIMARY KEY (`id`)
) ENGINE=InnoDB AUTO_INCREMENT=9 DEFAULT CHARSET=utf8 COLLATE=utf8_unicode_ci;

/*Data for the table `user_mails` */

insert  into `user_mails`(`id`,`user_id`,`type`,`title`,`description`,`created_at`,`updated_at`) values 
(1,6,'Reimbursement Request','test','test','2017-10-23 19:38:02','2017-10-23 19:38:02'),
(2,6,'Cash Advance','test test','test test','2017-10-23 19:38:29','2017-10-23 19:38:29'),
(3,6,'Id Letter Request','test test','test test','2017-10-23 19:38:36','2017-10-23 19:38:36'),
(4,6,'Reimbursement Request','test','trest','2017-10-23 19:41:53','2017-10-23 19:41:53'),
(5,6,'Reimbursement Request','sasa','sasa','2017-10-23 19:46:51','2017-10-23 19:46:51'),
(6,6,'Reimbursement Request','this is a test','this is a test','2017-10-23 19:47:23','2017-10-23 19:47:23'),
(7,6,'Reimbursement Request','this is another test','this is another test','2017-10-23 19:47:43','2017-10-23 19:47:43'),
(8,6,'Reimbursement Request','this is a test','this is a test','2017-10-23 19:50:10','2017-10-23 19:50:10');

/*Table structure for table `users` */

DROP TABLE IF EXISTS `users`;

CREATE TABLE `users` (
  `id` int(10) unsigned NOT NULL AUTO_INCREMENT,
  `email` varchar(255) COLLATE utf8_unicode_ci NOT NULL,
  `username` varchar(255) COLLATE utf8_unicode_ci DEFAULT NULL,
  `password` varchar(255) COLLATE utf8_unicode_ci NOT NULL,
  `first_name` varchar(255) COLLATE utf8_unicode_ci DEFAULT NULL,
  `last_name` varchar(255) COLLATE utf8_unicode_ci DEFAULT NULL,
  `phone` varchar(255) COLLATE utf8_unicode_ci DEFAULT NULL,
  `avatar` varchar(255) COLLATE utf8_unicode_ci DEFAULT NULL,
  `address` varchar(255) COLLATE utf8_unicode_ci NOT NULL DEFAULT '',
  `country_id` int(10) unsigned DEFAULT NULL,
  `role_id` int(10) unsigned NOT NULL,
  `birthday` date DEFAULT NULL,
  `last_login` timestamp NULL DEFAULT NULL,
  `confirmation_token` varchar(60) COLLATE utf8_unicode_ci DEFAULT NULL,
  `status` varchar(20) COLLATE utf8_unicode_ci NOT NULL,
  `two_factor_country_code` int(11) DEFAULT NULL,
  `two_factor_phone` int(11) DEFAULT NULL,
  `two_factor_options` text COLLATE utf8_unicode_ci,
  `remember_token` varchar(100) COLLATE utf8_unicode_ci DEFAULT NULL,
  `created_at` timestamp NULL DEFAULT NULL,
  `updated_at` timestamp NULL DEFAULT NULL,
  PRIMARY KEY (`id`),
  UNIQUE KEY `users_email_unique` (`email`),
  KEY `users_username_index` (`username`),
  KEY `users_status_index` (`status`),
  KEY `users_country_id_foreign` (`country_id`),
  KEY `users_role_id_foreign` (`role_id`),
  CONSTRAINT `users_country_id_foreign` FOREIGN KEY (`country_id`) REFERENCES `countries` (`id`) ON DELETE SET NULL,
  CONSTRAINT `users_role_id_foreign` FOREIGN KEY (`role_id`) REFERENCES `roles` (`id`)
) ENGINE=InnoDB AUTO_INCREMENT=8 DEFAULT CHARSET=utf8 COLLATE=utf8_unicode_ci;

/*Data for the table `users` */

insert  into `users`(`id`,`email`,`username`,`password`,`first_name`,`last_name`,`phone`,`avatar`,`address`,`country_id`,`role_id`,`birthday`,`last_login`,`confirmation_token`,`status`,`two_factor_country_code`,`two_factor_phone`,`two_factor_options`,`remember_token`,`created_at`,`updated_at`) values 
(1,'admin@example.com','admin','$2y$10$5K7Rj2.EhqcPTg2CvHGLZ.69uXmD46O9IAobPZZQq.UED7gIgl6JK','Administrator','','',NULL,'',NULL,1,NULL,'2017-11-02 02:27:02',NULL,'Active',NULL,NULL,NULL,'OfZGeFiHuie8ym7eoZopROJfLNf2zmpXES8m69oonnJg2KcwGu0Uw97998pl','2017-09-26 03:05:23','2017-11-02 02:27:02'),
(5,'raja.shahzad@gmail.com','dd','$2y$10$FXLFFN1Y3unNSQvkjoDiceYjSB5DEbg17JkpWgf6uukNMTwnYRjne','czxc','czxczxc','',NULL,'',NULL,3,'2017-10-07','2017-10-12 19:26:02',NULL,'Active',NULL,NULL,NULL,'9HrNAo43LeH2aeomuJRf249PWJf1hssCi2JwCm98jGZxCwK48d27zFST9Jbx','2017-10-08 00:41:25','2017-10-12 19:26:02'),
(6,'raja@gt.com','raja','$2y$10$v9IPrwq8AOnjdidjtw/t2eCooJAY6I34dVyMi.7Bsig4V34WPgx7G','raja','shahzad','',NULL,'',NULL,3,NULL,'2017-11-15 11:50:28',NULL,'Active',NULL,NULL,NULL,'VWNsC3y68SNSiHOe2rdc2d84xlTLJUyL91VGSocwA3LbK1jyFyObXYC2yRWn','2017-10-12 19:26:41','2017-11-15 11:50:28'),
(7,'dev@gt.com','dev','$2y$10$zrxZooT7077DtvRJuIRtgu5qIwONDqUp/TntLAZSK06NhNwBOyLOK','dev','dev','',NULL,'',NULL,3,NULL,'2017-11-02 03:24:37',NULL,'Active',NULL,NULL,NULL,'gl1GXzsvHvjqlARrzvk4S8ImLwyCPz3us2peypisPH6DH617fc7TnJUI4PqI','2017-11-02 02:28:08','2017-11-02 03:24:37');

/*Table structure for table `watch_list` */

DROP TABLE IF EXISTS `watch_list`;

CREATE TABLE `watch_list` (
  `id` int(11) unsigned NOT NULL AUTO_INCREMENT,
  `contact_id` int(11) DEFAULT NULL,
  `logged_in_user_id` int(11) DEFAULT NULL,
  `type` enum('contact','company') NOT NULL DEFAULT 'contact',
  PRIMARY KEY (`id`)
) ENGINE=InnoDB AUTO_INCREMENT=8 DEFAULT CHARSET=utf8;

/*Data for the table `watch_list` */

insert  into `watch_list`(`id`,`contact_id`,`logged_in_user_id`,`type`) values 
(1,216,6,'contact'),
(2,180,6,'company'),
(3,186,6,'contact'),
(4,189,6,'contact'),
(5,193,6,'contact'),
(6,25,6,'contact'),
(7,81,6,'contact');

/*!40101 SET SQL_MODE=@OLD_SQL_MODE */;
/*!40014 SET FOREIGN_KEY_CHECKS=@OLD_FOREIGN_KEY_CHECKS */;
/*!40014 SET UNIQUE_CHECKS=@OLD_UNIQUE_CHECKS */;
/*!40111 SET SQL_NOTES=@OLD_SQL_NOTES */;
